code;name;credits;prerequisites;corequisites;group_number;professor;day;start_hour;start_minute;end_hour;end_minute
CE1101;Introduccion a la programacion;3;;;1;SCHMIDT PERALTA JEFF;MAR;7;30;9;20
CE1101;Introduccion a la programacion;3;;;1;SCHMIDT PERALTA JEFF;JUE;7;30;9;20
CE1101;Introduccion a la programacion;3;;;2;SCHMIDT PERALTA JEFF;MAR;9;30;11;20
CE1101;Introduccion a la programacion;3;;;2;SCHMIDT PERALTA JEFF;JUE;9;30;11;20
CE1103;Algoritmos y estructuras de datos I;4;CE1101;;1;BARBOZA ARTAVIA LUIS;MAR;9;30;11;20
CE1103;Algoritmos y estructuras de datos I;4;CE1101;;1;BARBOZA ARTAVIA LUIS;JUE;9;30;11;20
CE1103;Algoritmos y estructuras de datos I;4;CE1101;;2;GAMBOA RAMIREZ SANTIAGO;MAR;15;0;16;50
CE1103;Algoritmos y estructuras de datos I;4;CE1101;;2;GAMBOA RAMIREZ SANTIAGO;JUE;15;0;16;50
CE1103;Algoritmos y estructuras de datos I;4;CE1101;;3;RAMIREZ TREJOS ELLIOTH;MIE;17;0;18;50
CE1103;Algoritmos y estructuras de datos I;4;CE1101;;3;RAMIREZ TREJOS ELLIOTH;VIE;17;0;18;50
CE1104;Fundamentos de sistemas computacionales;3;;CE1101;1;VILLEGAS LEMUS MILTON;MAR;7;30;9;20
CE1104;Fundamentos de sistemas computacionales;3;;CE1101;1;VILLEGAS LEMUS MILTON;JUE;7;30;9;20
CE1105;Principios de modelado en ingenieria;2;;;1;HERNANDEZ VASQUEZ MARCO;MAR;19;0;20;50
CE1105;Principios de modelado en ingenieria;2;;;1;HERNANDEZ VASQUEZ MARCO;JUE;19;0;20;50
CE1105;Principios de modelado en ingenieria;2;;;2;MORA ROJAS DIEGO;MAR;17;0;18;50
CE1105;Principios de modelado en ingenieria;2;;;2;MORA ROJAS DIEGO;JUE;17;0;18;50
CE1105;Principios de modelado en ingenieria;2;;;3;RIVERA MENESES MARCO;MIE;17;0;18;50
CE1105;Principios de modelado en ingenieria;2;;;3;RIVERA MENESES MARCO;VIE;17;0;18;50
CE1106;Paradigmas de programacion;3;CE2103;;1;BARBOZA ARTAVIA LUIS;MIE;9;30;11;20
CE1106;Paradigmas de programacion;3;CE2103;;1;BARBOZA ARTAVIA LUIS;VIE;9;30;11;20
CE1106;Paradigmas de programacion;3;CE2103;;2;GAMBOA RAMIREZ SANTIAGO;MAR;17;0;18;50
CE1106;Paradigmas de programacion;3;CE2103;;2;GAMBOA RAMIREZ SANTIAGO;JUE;17;0;18;50
CE2103;Algoritmos y estructuras de datos II;4;CE1103|CE1105;;1;RAMIREZ HERRERA JOSE ISAAC;MAR;7;30;9;20
CE2103;Algoritmos y estructuras de datos II;4;CE1103|CE1105;;1;RAMIREZ HERRERA JOSE ISAAC;JUE;7;30;9;20
CE2201;Laboratorio de circuitos electricos;1;FI1202;;1;ARAYA MARTINEZ LEONARDO;LUN;9;30;11;20
MA0101;Matematica general;2;;;1;AZOFEIFA CUBERO ROBERTO;MIE;15;0;17;50
MA0101;Matematica general;2;;;1;AZOFEIFA CUBERO ROBERTO;VIE;15;0;16;50
MA0101;Matematica general;2;;;2;CORDERO QUIROS MARCIAL;MAR;13;0;15;50
MA0101;Matematica general;2;;;2;CORDERO QUIROS MARCIAL;JUE;13;0;14;50
MA0101;Matematica general;2;;;3;CORDERO QUIROS MARCIAL;MAR;18;0;20;50
MA0101;Matematica general;2;;;3;CORDERO QUIROS MARCIAL;JUE;18;0;19;50
MA0101;Matematica general;2;;;4;JIMENEZ MADRIGAL JORGE;MAR;15;0;16;50
MA0101;Matematica general;2;;;4;JIMENEZ MADRIGAL JORGE;JUE;15;0;17;50
MA0101;Matematica general;2;;;5;MARRERO CALVO MARCELA;MIE;9;30;12;20
MA0101;Matematica general;2;;;5;MARRERO CALVO MARCELA;VIE;9;30;11;20
MA0101;Matematica general;2;;;6;PRENDAS ROJAS JUAN PABLO;MIE;16;0;18;50
MA0101;Matematica general;2;;;6;PRENDAS ROJAS JUAN PABLO;VIE;17;0;18;50
MA0101;Matematica general;2;;;7;QUESADA VILLALOBOS LOURDES;MIE;13;0;15;50
MA0101;Matematica general;2;;;7;QUESADA VILLALOBOS LOURDES;VIE;13;0;14;50
MA0101;Matematica general;2;;;8;RODRIGUEZ CASTRO BRYAN;MAR;16;0;18;50
MA0101;Matematica general;2;;;8;RODRIGUEZ CASTRO BRYAN;JUE;16;0;17;50
MA0101;Matematica general;2;;;9;SANCHEZ FERNANDEZ IVONNE;MIE;7;30;9;20
MA0101;Matematica general;2;;;9;SANCHEZ FERNANDEZ IVONNE;VIE;7;30;10;20
MA0101;Matematica general;2;;;10;SOLANO VARELA DANIEL JESUS;SAB;7;30;12;20
MA0101;Matematica general;2;;;11;SOLIS PALMA ANGIE;MAR;7;30;10;20
MA0101;Matematica general;2;;;11;SOLIS PALMA ANGIE;JUE;7;30;9;20
MA0101;Matematica general;2;;;12;VEGA VASQUEZ ARTURO;MAR;9;30;12;20
MA0101;Matematica general;2;;;12;VEGA VASQUEZ ARTURO;JUE;9;30;11;20
MA1102;Calculo diferencial e integral;4;MA0101;;1;CORDERO QUIROS MARCIAL;MAR;7;30;9;20
MA1102;Calculo diferencial e integral;4;MA0101;;1;CORDERO QUIROS MARCIAL;JUE;7;30;10;20
MA1102;Calculo diferencial e integral;4;MA0101;;2;ESQUIVEL SAMUDIO JEISON;MAR;17;0;19;50
MA1102;Calculo diferencial e integral;4;MA0101;;2;ESQUIVEL SAMUDIO JEISON;JUE;17;0;18;50
MA1102;Calculo diferencial e integral;4;MA0101;;3;FALLAS MONGE JUAN JOSE;MAR;18;0;20;50
MA1102;Calculo diferencial e integral;4;MA0101;;3;FALLAS MONGE JUAN JOSE;JUE;18;0;19;50
MA1102;Calculo diferencial e integral;4;MA0101;;4;GUTIERREZ MONTENEGRO MARCO VINICIO;MIE;16;0;18;50
MA1102;Calculo diferencial e integral;4;MA0101;;4;GUTIERREZ MONTENEGRO MARCO VINICIO;VIE;16;0;17;50
MA1102;Calculo diferencial e integral;4;MA0101;;5;JIMENEZ MADRIGAL JORGE;MIE;7;30;10;20
MA1102;Calculo diferencial e integral;4;MA0101;;5;JIMENEZ MADRIGAL JORGE;VIE;7;30;9;20
MA1102;Calculo diferencial e integral;4;MA0101;;6;JIMENEZ MADRIGAL JORGE;SAB;7;30;12;20
MA1102;Calculo diferencial e integral;4;MA0101;;7;LOPEZ MORA VERONICA;MIE;18;0;20;50
MA1102;Calculo diferencial e integral;4;MA0101;;7;LOPEZ MORA VERONICA;VIE;18;0;19;50
MA1102;Calculo diferencial e integral;4;MA0101;;8;MASIS FLORES DAVID;MAR;9;30;11;20
MA1102;Calculo diferencial e integral;4;MA0101;;8;MASIS FLORES DAVID;JUE;9;30;12;20
MA1102;Calculo diferencial e integral;4;MA0101;;9;MASIS FLORES DAVID;MAR;16;0;18;50
MA1102;Calculo diferencial e integral;4;MA0101;;9;MASIS FLORES DAVID;JUE;16;0;17;50
MA1102;Calculo diferencial e integral;4;MA0101;;10;MORA CASASOLA MARIA FERNANDA;MIE;17;0;19;50
MA1102;Calculo diferencial e integral;4;MA0101;;10;MORA CASASOLA MARIA FERNANDA;VIE;17;0;18;50
MA1102;Calculo diferencial e integral;4;MA0101;;11;MORA PICADO LUIS FERNANDO;MIE;9;30;12;20
MA1102;Calculo diferencial e integral;4;MA0101;;11;MORA PICADO LUIS FERNANDO;VIE;10;30;12;20
MA1102;Calculo diferencial e integral;4;MA0101;;12;MORA PICADO LUIS FERNANDO;MIE;15;0;17;50
MA1102;Calculo diferencial e integral;4;MA0101;;12;MORA PICADO LUIS FERNANDO;VIE;15;0;16;50
MA1102;Calculo diferencial e integral;4;MA0101;;13;NUÑEZ VANEGAS FELIX;MIE;13;0;15;50
MA1102;Calculo diferencial e integral;4;MA0101;;13;NUÑEZ VANEGAS FELIX;VIE;13;0;14;50
MA1102;Calculo diferencial e integral;4;MA0101;;14;PAEZ PAEZ CRISTIAN;MAR;9;30;12;20
MA1102;Calculo diferencial e integral;4;MA0101;;14;PAEZ PAEZ CRISTIAN;JUE;10;30;12;20
MA1102;Calculo diferencial e integral;4;MA0101;;15;PAEZ PAEZ CRISTIAN;MIE;7;30;9;20
MA1102;Calculo diferencial e integral;4;MA0101;;15;PAEZ PAEZ CRISTIAN;VIE;7;30;10;20
MA1102;Calculo diferencial e integral;4;MA0101;;16;PARRA SALAZAR EDWARD;MAR;15;0;16;50
MA1102;Calculo diferencial e integral;4;MA0101;;16;PARRA SALAZAR EDWARD;JUE;15;0;17;50
MA1102;Calculo diferencial e integral;4;MA0101;;17;PARRA SALAZAR EDWARD;MIE;10;30;12;20
MA1102;Calculo diferencial e integral;4;MA0101;;17;PARRA SALAZAR EDWARD;VIE;9;30;12;20
MA1102;Calculo diferencial e integral;4;MA0101;;18;PARRA SALAZAR EDWARD;MIE;17;0;19;50
MA1102;Calculo diferencial e integral;4;MA0101;;18;PARRA SALAZAR EDWARD;VIE;17;0;18;50
MA1102;Calculo diferencial e integral;4;MA0101;;19;QUESADA VILLALOBOS LOURDES;MAR;7;30;10;20
MA1102;Calculo diferencial e integral;4;MA0101;;19;QUESADA VILLALOBOS LOURDES;JUE;7;30;9;20
MA1102;Calculo diferencial e integral;4;MA0101;;20;QUESADA VILLALOBOS LOURDES;MAR;15;0;17;50
MA1102;Calculo diferencial e integral;4;MA0101;;20;QUESADA VILLALOBOS LOURDES;JUE;16;0;17;50
MA1102;Calculo diferencial e integral;4;MA0101;;21;RODRIGUEZ GRANADOS NATALIA;MAR;13;0;15;50
MA1102;Calculo diferencial e integral;4;MA0101;;21;RODRIGUEZ GRANADOS NATALIA;JUE;13;0;14;50
MA1102;Calculo diferencial e integral;4;MA0101;;22;SANCHEZ FERNANDEZ IVONNE;MIE;16;0;18;50
MA1102;Calculo diferencial e integral;4;MA0101;;22;SANCHEZ FERNANDEZ IVONNE;VIE;16;0;17;50
MA1403;Matematica discreta;4;;;1;CHAVES SALAS LEONEL ROLANDO;MIE;7;30;9;20
MA1403;Matematica discreta;4;;;1;CHAVES SALAS LEONEL ROLANDO;VIE;7;30;9;20
MA1403;Matematica discreta;4;;;2;FALLAS MONGE JUAN JOSE;MIE;9;30;11;20
MA1403;Matematica discreta;4;;;2;FALLAS MONGE JUAN JOSE;VIE;9;30;11;20
MA1403;Matematica discreta;4;;;3;FALLAS MONGE JUAN JOSE;MAR;15;0;16;50
MA1403;Matematica discreta;4;;;3;FALLAS MONGE JUAN JOSE;JUE;15;0;16;50
MA1403;Matematica discreta;4;;;4;RAMIREZ ARCE GREIVIN;MAR;13;0;14;50
MA1403;Matematica discreta;4;;;4;RAMIREZ ARCE GREIVIN;JUE;13;0;14;50
MA1403;Matematica discreta;4;;;5;SOLIS ARGUEDAS ADRIANA;MIE;7;30;9;20
MA1403;Matematica discreta;4;;;5;SOLIS ARGUEDAS ADRIANA;VIE;7;30;9;20
MA1403;Matematica discreta;4;;;6;SOTO QUIROS JUAN PABLO;MAR;18;0;19;50
MA1403;Matematica discreta;4;;;6;SOTO QUIROS JUAN PABLO;JUE;18;0;19;50
MA1103;Calculo y algebra lineal;4;MA1102;;1;ACUÑA PRADO LUIS;MIE;7;30;9;20
MA1103;Calculo y algebra lineal;4;MA1102;;1;ACUÑA PRADO LUIS;VIE;7;30;9;20
MA1103;Calculo y algebra lineal;4;MA1102;;2;ALPIZAR BRENES GEISEL;MAR;18;0;19;50
MA1103;Calculo y algebra lineal;4;MA1102;;2;ALPIZAR BRENES GEISEL;JUE;18;0;19;50
MA1103;Calculo y algebra lineal;4;MA1102;;3;BRENES GOMEZ RANDALL;MAR;16;0;17;50
MA1103;Calculo y algebra lineal;4;MA1102;;3;BRENES GOMEZ RANDALL;JUE;16;0;17;50
MA1103;Calculo y algebra lineal;4;MA1102;;4;BRENES GOMEZ RANDALL;SAB;7;30;11;20
MA1103;Calculo y algebra lineal;4;MA1102;;5;CALDERON SOLANO MANUEL;MIE;15;0;16;50
MA1103;Calculo y algebra lineal;4;MA1102;;5;CALDERON SOLANO MANUEL;VIE;15;0;16;50
MA1103;Calculo y algebra lineal;4;MA1102;;6;CALDERON SOLANO MANUEL;MIE;17;0;18;50
MA1103;Calculo y algebra lineal;4;MA1102;;6;CALDERON SOLANO MANUEL;VIE;17;0;18;50
MA1103;Calculo y algebra lineal;4;MA1102;;7;CHAVARRIA MOLINA JEFFRY;MAR;7;30;9;20
MA1103;Calculo y algebra lineal;4;MA1102;;7;CHAVARRIA MOLINA JEFFRY;JUE;7;30;9;20
MA1103;Calculo y algebra lineal;4;MA1102;;8;CHAVARRIA MOLINA JEFFRY;MAR;13;0;14;50
MA1103;Calculo y algebra lineal;4;MA1102;;8;CHAVARRIA MOLINA JEFFRY;JUE;13;0;14;50
MA1103;Calculo y algebra lineal;4;MA1102;;9;CHINCHILLA VALVERDE JORGE LUIS;MAR;7;30;9;20
MA1103;Calculo y algebra lineal;4;MA1102;;9;CHINCHILLA VALVERDE JORGE LUIS;JUE;7;30;9;20
MA1103;Calculo y algebra lineal;4;MA1102;;10;CHINCHILLA VALVERDE JORGE LUIS;MAR;9;30;11;20
MA1103;Calculo y algebra lineal;4;MA1102;;10;CHINCHILLA VALVERDE JORGE LUIS;JUE;9;30;11;20
MA1103;Calculo y algebra lineal;4;MA1102;;11;FIGUEROA MATA GEOVANNI;MAR;15;0;16;50
MA1103;Calculo y algebra lineal;4;MA1102;;11;FIGUEROA MATA GEOVANNI;JUE;15;0;16;50
MA1103;Calculo y algebra lineal;4;MA1102;;12;FIGUEROA MATA GEOVANNI;MAR;18;0;19;50
MA1103;Calculo y algebra lineal;4;MA1102;;12;FIGUEROA MATA GEOVANNI;JUE;18;0;19;50
MA1103;Calculo y algebra lineal;4;MA1102;;13;FIGUEROA MATA GEOVANNI;MIE;13;0;14;50
MA1103;Calculo y algebra lineal;4;MA1102;;13;FIGUEROA MATA GEOVANNI;VIE;13;0;14;50
MA1103;Calculo y algebra lineal;4;MA1102;;14;GUTIERREZ MONTENEGRO MARCO VINICIO;MAR;17;0;18;50
MA1103;Calculo y algebra lineal;4;MA1102;;14;GUTIERREZ MONTENEGRO MARCO VINICIO;JUE;17;0;18;50
MA1103;Calculo y algebra lineal;4;MA1102;;15;GUTIERREZ MONTENEGRO MARCO VINICIO;MIE;9;30;11;20
MA1103;Calculo y algebra lineal;4;MA1102;;15;GUTIERREZ MONTENEGRO MARCO VINICIO;VIE;9;30;11;20
MA1103;Calculo y algebra lineal;4;MA1102;;16;JIMENEZ MADRIGAL JORGE;JUE;7;30;11;20
MA1103;Calculo y algebra lineal;4;MA1102;;17;JIMENEZ ROMERO ALEJANDRA;MAR;13;0;14;50
MA1103;Calculo y algebra lineal;4;MA1102;;17;JIMENEZ ROMERO ALEJANDRA;JUE;13;0;14;50
MA1103;Calculo y algebra lineal;4;MA1102;;18;MORA PICADO LUIS FERNANDO;MIE;18;0;19;50
MA1103;Calculo y algebra lineal;4;MA1102;;18;MORA PICADO LUIS FERNANDO;VIE;18;0;19;50
MA1103;Calculo y algebra lineal;4;MA1102;;19;PARRA RODRIGUEZ EMMANUELLE;MIE;16;0;17;50
MA1103;Calculo y algebra lineal;4;MA1102;;19;PARRA RODRIGUEZ EMMANUELLE;VIE;16;0;17;50
MA2104;Calculo superior;4;MA1103;;1;BORBON ALPIZAR ALEXANDER;MAR;18;0;19;50
MA2104;Calculo superior;4;MA1103;;1;BORBON ALPIZAR ALEXANDER;JUE;18;0;19;50
MA2104;Calculo superior;4;MA1103;;2;CHACON VARGAS ERICK;MAR;13;0;14;50
MA2104;Calculo superior;4;MA1103;;2;CHACON VARGAS ERICK;JUE;13;0;14;50
MA2104;Calculo superior;4;MA1103;;3;ESQUIVEL SAMUDIO JEISON;SAB;7;30;11;20
MA2104;Calculo superior;4;MA1103;;4;JIMENEZ ROMERO ALEJANDRA;MAR;9;30;11;20
MA2104;Calculo superior;4;MA1103;;4;JIMENEZ ROMERO ALEJANDRA;JUE;9;30;11;20
MA2104;Calculo superior;4;MA1103;;5;MONGE FALLAS JORGE;MIE;9;30;11;20
MA2104;Calculo superior;4;MA1103;;5;MONGE FALLAS JORGE;VIE;9;30;11;20
MA2104;Calculo superior;4;MA1103;;6;OVIEDO UGALDE NORBERTO;MIE;18;0;19;50
MA2104;Calculo superior;4;MA1103;;6;OVIEDO UGALDE NORBERTO;VIE;18;0;19;50
MA2104;Calculo superior;4;MA1103;;7;VALVERDE SANCHEZ SAMUEL;MIE;15;0;16;50
MA2104;Calculo superior;4;MA1103;;7;VALVERDE SANCHEZ SAMUEL;VIE;15;0;16;50
MA2105;Ecuaciones diferenciales;4;MA1103;;1;ACUÑA PRADO LUIS;SAB;7;30;11;20
MA2105;Ecuaciones diferenciales;4;MA1103;;2;ALPIZAR BRENES GEISEL;MAR;7;30;9;20
MA2105;Ecuaciones diferenciales;4;MA1103;;2;ALPIZAR BRENES GEISEL;JUE;7;30;9;20
MA2105;Ecuaciones diferenciales;4;MA1103;;3;BRENES GOMEZ RANDALL;MAR;9;30;11;20
MA2105;Ecuaciones diferenciales;4;MA1103;;3;BRENES GOMEZ RANDALL;JUE;9;30;11;20
MA2105;Ecuaciones diferenciales;4;MA1103;;4;MARIN SANCHEZ MARIO;MIE;13;0;14;50
MA2105;Ecuaciones diferenciales;4;MA1103;;4;MARIN SANCHEZ MARIO;VIE;13;0;14;50
MA2105;Ecuaciones diferenciales;4;MA1103;;5;MARIN SANCHEZ MARIO;MIE;17;0;18;50
MA2105;Ecuaciones diferenciales;4;MA1103;;5;MARIN SANCHEZ MARIO;VIE;17;0;18;50
MA2105;Ecuaciones diferenciales;4;MA1103;;6;MORA CASASOLA MARIA FERNANDA;MAR;17;0;18;50
MA2105;Ecuaciones diferenciales;4;MA1103;;6;MORA CASASOLA MARIA FERNANDA;JUE;17;0;18;50
MA2105;Ecuaciones diferenciales;4;MA1103;;7;MORA CASASOLA MARIA FERNANDA;SAB;7;30;11;20
MA2105;Ecuaciones diferenciales;4;MA1103;;8;OVIEDO UGALDE NORBERTO;MIE;15;0;16;50
MA2105;Ecuaciones diferenciales;4;MA1103;;8;OVIEDO UGALDE NORBERTO;VIE;15;0;16;50
MA2105;Ecuaciones diferenciales;4;MA1103;;9;PRENDAS ROJAS JUAN PABLO;MIE;9;30;11;20
MA2105;Ecuaciones diferenciales;4;MA1103;;9;PRENDAS ROJAS JUAN PABLO;VIE;9;30;11;20
MA2105;Ecuaciones diferenciales;4;MA1103;;10;RAMIREZ ARCE GREIVIN;MAR;17;0;18;50
MA2105;Ecuaciones diferenciales;4;MA1103;;10;RAMIREZ ARCE GREIVIN;JUE;17;0;18;50
QU1102;Laboratorio de quimica basica I;1;;QU1106;1;CALLEJA AMADOR CARLOS ENRIQUE;MAR;9;30;11;20
QU1102;Laboratorio de quimica basica I;1;;QU1106;2;CALLEJA AMADOR CARLOS ENRIQUE;MAR;13;0;14;50
QU1102;Laboratorio de quimica basica I;1;;QU1106;3;CALLEJA AMADOR CARLOS ENRIQUE;JUE;13;0;14;50
QU1102;Laboratorio de quimica basica I;1;;QU1106;4;LEDEZMA ESPINOZA AURA;VIE;13;0;14;50
QU1102;Laboratorio de quimica basica I;1;;QU1106;5;HERNANDEZ ALPIZAR LAURA;MIE;15;0;16;50
QU1102;Laboratorio de quimica basica I;1;;QU1106;6;MATA MATA ALEJANDRA;MAR;15;0;16;50
QU1102;Laboratorio de quimica basica I;1;;QU1106;7;MORA MOLINA JESUS;MIE;7;30;9;20
QU1102;Laboratorio de quimica basica I;1;;QU1106;8;MORA MOLINA JESUS;MIE;9;30;11;20
QU1102;Laboratorio de quimica basica I;1;;QU1106;9;MORA MOLINA JESUS;MIE;13;0;14;50
QU1102;Laboratorio de quimica basica I;1;;QU1106;10;QUIROS BUSTOS NOEMI;JUE;7;30;9;20
QU1102;Laboratorio de quimica basica I;1;;QU1106;11;QUIROS BUSTOS NOEMI;JUE;9;30;11;20
QU1102;Laboratorio de quimica basica I;1;;QU1106;12;SALAS JIMENEZ JUAN CARLOS;MAR;7;30;9;20
QU1102;Laboratorio de quimica basica I;1;;QU1106;13;SOTO CORDOBA SILVIA;VIE;7;30;9;20
QU1106;Quimica basica I;3;;QU1102;1;CALLEJA AMADOR CARLOS ENRIQUE;MAR;7;30;9;20
QU1106;Quimica basica I;3;;QU1102;1;CALLEJA AMADOR CARLOS ENRIQUE;JUE;7;30;9;20
QU1106;Quimica basica I;3;;QU1102;2;PORRAS ACOSTA MARIA;MAR;7;30;9;20
QU1106;Quimica basica I;3;;QU1102;2;PORRAS ACOSTA MARIA;JUE;7;30;9;20
QU1106;Quimica basica I;3;;QU1102;3;PORRAS ACOSTA MARIA;MAR;9;30;11;20
QU1106;Quimica basica I;3;;QU1102;3;PORRAS ACOSTA MARIA;JUE;9;30;11;20
QU1106;Quimica basica I;3;;QU1102;4;PORRAS ACOSTA MARIA;MIE;9;30;11;20
QU1106;Quimica basica I;3;;QU1102;4;PORRAS ACOSTA MARIA;VIE;9;30;11;20
QU1106;Quimica basica I;3;;QU1102;5;QUIROS BUSTOS NOEMI;MAR;15;0;16;50
QU1106;Quimica basica I;3;;QU1102;5;QUIROS BUSTOS NOEMI;JUE;15;0;16;50
QU1106;Quimica basica I;3;;QU1102;6;SOTO CORDOBA SILVIA;MAR;13;0;14;50
QU1106;Quimica basica I;3;;QU1102;6;SOTO CORDOBA SILVIA;JUE;13;0;14;50
QU1106;Quimica basica I;3;;QU1102;7;VILLALTA ROMERO FABIAN;MIE;13;0;14;50
QU1106;Quimica basica I;3;;QU1102;7;VILLALTA ROMERO FABIAN;VIE;13;0;14;50
QU1104;Laboratorio de quimica basica II;1;QU1102;QU1107;1;ABARCA GUERRERO LILLIANA;JUE;9;30;11;20
QU1104;Laboratorio de quimica basica II;1;QU1102;QU1107;2;ABARCA GUERRERO LILLIANA;JUE;15;0;16;50
QU1104;Laboratorio de quimica basica II;1;QU1102;QU1107;3;ARAYA MARCHENA MARIO;VIE;9;30;11;20
QU1104;Laboratorio de quimica basica II;1;QU1102;QU1107;4;FLORES CANTILLO ADRIAN;JUE;13;0;14;50
QU1104;Laboratorio de quimica basica II;1;QU1102;QU1107;5;HERRERA NUÑEZ JACQUELINE MARIA;MAR;13;0;14;50
QU1104;Laboratorio de quimica basica II;1;QU1102;QU1107;6;HERRERA NUÑEZ JACQUELINE MARIA;MIE;13;0;14;50
QU1104;Laboratorio de quimica basica II;1;QU1102;QU1107;7;MATA SOLANO ROGELIO;MAR;9;30;11;20
QU1104;Laboratorio de quimica basica II;1;QU1102;QU1107;8;MATA SOLANO ROGELIO;MAR;13;0;14;50
QU1104;Laboratorio de quimica basica II;1;QU1102;QU1107;9;MORA MOLINA JESUS;MAR;13;0;14;50
QU1104;Laboratorio de quimica basica II;1;QU1102;QU1107;10;MORA MOLINA JESUS;MAR;15;0;16;50
QU1104;Laboratorio de quimica basica II;1;QU1102;QU1107;12;ROBLES CHAVEZ DIANA;MIE;7;30;9;20
QU1104;Laboratorio de quimica basica II;1;QU1102;QU1107;13;ROBLES CHAVEZ DIANA;MIE;9;30;11;20
QU1104;Laboratorio de quimica basica II;1;QU1102;QU1107;14;ROBLES CHAVEZ DIANA;MIE;15;0;16;50
QU1104;Laboratorio de quimica basica II;1;QU1102;QU1107;17;ROMERO BLANCO ERIC;JUE;13;0;14;50
QU1104;Laboratorio de quimica basica II;1;QU1102;QU1107;18;ROMERO BLANCO ERIC;JUE;15;0;16;50
QU1104;Laboratorio de quimica basica II;1;QU1102;QU1107;19;SALAZAR ROJAS TERESA;MIE;9;30;11;20
QU1104;Laboratorio de quimica basica II;1;QU1102;QU1107;20;SALAZAR ROJAS TERESA;MIE;13;0;14;50
QU1104;Laboratorio de quimica basica II;1;QU1102;QU1107;21;SANCHEZ KOPPER ANDRES;MAR;7;30;9;20
QU1104;Laboratorio de quimica basica II;1;QU1102;QU1107;22;SANCHEZ KOPPER ANDRES;MAR;9;30;11;20
QU1104;Laboratorio de quimica basica II;1;QU1102;QU1107;23;SANCHEZ KOPPER ANDRES;JUE;7;30;9;20
QU1104;Laboratorio de quimica basica II;1;QU1102;QU1107;24;SANDOVAL MORA JOSE ALBERTO;JUE;7;30;9;20
QU1104;Laboratorio de quimica basica II;1;QU1102;QU1107;25;SANDOVAL MORA JOSE ALBERTO;JUE;9;30;11;20
QU1104;Laboratorio de quimica basica II;1;QU1102;QU1107;26;ULATE MOLINA RICARDO ENRIQUE;MIE;7;30;9;20
QU1104;Laboratorio de quimica basica II;1;QU1102;QU1107;27;ULATE MOLINA RICARDO ENRIQUE;MIE;9;30;11;20
QU1104;Laboratorio de quimica basica II;1;QU1102;QU1107;28;ULATE MOLINA RICARDO ENRIQUE;MIE;13;0;14;50
QU1107;Quimica basica II;3;QU1106;QU1104;1;ARAYA CARVAJAL FABIO;MAR;7;30;9;20
QU1107;Quimica basica II;3;QU1106;QU1104;1;ARAYA CARVAJAL FABIO;JUE;7;30;9;20
QU1107;Quimica basica II;3;QU1106;QU1104;2;ARAYA CARVAJAL FABIO;MAR;13;0;14;50
QU1107;Quimica basica II;3;QU1106;QU1104;2;ARAYA CARVAJAL FABIO;JUE;13;0;14;50
QU1107;Quimica basica II;3;QU1106;QU1104;3;ARCE ROJAS HEILEN;MIE;9;30;11;20
QU1107;Quimica basica II;3;QU1106;QU1104;3;ARCE ROJAS HEILEN;VIE;9;30;11;20
QU1107;Quimica basica II;3;QU1106;QU1104;4;ARCE ROJAS HEILEN;MIE;13;0;14;50
QU1107;Quimica basica II;3;QU1106;QU1104;4;ARCE ROJAS HEILEN;VIE;13;0;14;50
QU1107;Quimica basica II;3;QU1106;QU1104;5;LEDEZMA ESPINOZA AURA;MIE;15;0;16;50
QU1107;Quimica basica II;3;QU1106;QU1104;5;LEDEZMA ESPINOZA AURA;VIE;15;0;16;50
QU1107;Quimica basica II;3;QU1106;QU1104;6;SALAS JIMENEZ JUAN CARLOS;MAR;9;30;11;20
QU1107;Quimica basica II;3;QU1106;QU1104;6;SALAS JIMENEZ JUAN CARLOS;JUE;9;30;11;20
QU1107;Quimica basica II;3;QU1106;QU1104;12;SALAS JIMENEZ JUAN CARLOS;MAR;15;0;16;50
QU1107;Quimica basica II;3;QU1106;QU1104;12;SALAS JIMENEZ JUAN CARLOS;JUE;15;0;16;50
QU1107;Quimica basica II;3;QU1106;QU1104;7;STARBIRD PEREZ RICARDO;MAR;9;30;11;20
QU1107;Quimica basica II;3;QU1106;QU1104;7;STARBIRD PEREZ RICARDO;JUE;9;30;11;20
QU1107;Quimica basica II;3;QU1106;QU1104;8;STARBIRD PEREZ RICARDO;MIE;13;0;14;50
QU1107;Quimica basica II;3;QU1106;QU1104;8;STARBIRD PEREZ RICARDO;VIE;13;0;14;50
QU1107;Quimica basica II;3;QU1106;QU1104;9;VARGAS CAMARENO MARICRUZ;MIE;7;30;9;20
QU1107;Quimica basica II;3;QU1106;QU1104;9;VARGAS CAMARENO MARICRUZ;VIE;7;30;9;20
QU1107;Quimica basica II;3;QU1106;QU1104;10;VARGAS CAMARENO MARICRUZ;MIE;9;30;11;20
QU1107;Quimica basica II;3;QU1106;QU1104;10;VARGAS CAMARENO MARICRUZ;VIE;9;30;11;20
QU1107;Quimica basica II;3;QU1106;QU1104;11;VARGAS CAMARENO MARICRUZ;MIE;13;0;14;50
QU1107;Quimica basica II;3;QU1106;QU1104;11;VARGAS CAMARENO MARICRUZ;VIE;13;0;14;50
FI1101;Fisica general I;3;;MA1102;1;CAMBRONERO CORDERO MICHAEL;MIE;9;30;11;20
FI1101;Fisica general I;3;;MA1102;1;CAMBRONERO CORDERO MICHAEL;VIE;9;30;11;20
FI1101;Fisica general I;3;;MA1102;2;CORRALES QUESADA ESTEBAN;MAR;15;0;16;50
FI1101;Fisica general I;3;;MA1102;2;CORRALES QUESADA ESTEBAN;JUE;15;0;16;50
FI1101;Fisica general I;3;;MA1102;3;CORRALES QUESADA ESTEBAN;MAR;17;0;18;50
FI1101;Fisica general I;3;;MA1102;3;CORRALES QUESADA ESTEBAN;JUE;17;0;18;50
FI1101;Fisica general I;3;;MA1102;4;ELIZONDO ZUÑIGA JENNIFER;MAR;9;30;11;20
FI1101;Fisica general I;3;;MA1102;4;ELIZONDO ZUÑIGA JENNIFER;JUE;9;30;11;20
FI1101;Fisica general I;3;;MA1102;5;ELIZONDO ZUÑIGA JENNIFER;MAR;13;0;14;50
FI1101;Fisica general I;3;;MA1102;5;ELIZONDO ZUÑIGA JENNIFER;JUE;13;0;14;50
FI1101;Fisica general I;3;;MA1102;6;MONTERO ZELEDON ERNESTO;MIE;9;30;11;20
FI1101;Fisica general I;3;;MA1102;6;MONTERO ZELEDON ERNESTO;VIE;9;30;11;20
FI1101;Fisica general I;3;;MA1102;7;MOYA SERRANO ROY DAVID;MIE;7;30;9;20
FI1101;Fisica general I;3;;MA1102;7;MOYA SERRANO ROY DAVID;VIE;7;30;9;20
FI1101;Fisica general I;3;;MA1102;8;MURILLO SALAZAR DENNIS;MAR;7;30;9;20
FI1101;Fisica general I;3;;MA1102;8;MURILLO SALAZAR DENNIS;JUE;7;30;9;20
FI1101;Fisica general I;3;;MA1102;9;MURILLO ZUMBADO GUSTAVO;MAR;7;30;9;20
FI1101;Fisica general I;3;;MA1102;9;MURILLO ZUMBADO GUSTAVO;JUE;7;30;9;20
FI1101;Fisica general I;3;;MA1102;10;PINEDA LIZANO JUAN JOSE;MAR;9;30;11;20
FI1101;Fisica general I;3;;MA1102;10;PINEDA LIZANO JUAN JOSE;JUE;9;30;11;20
FI1101;Fisica general I;3;;MA1102;11;PINEDA LIZANO JUAN JOSE;MAR;15;0;16;50
FI1101;Fisica general I;3;;MA1102;11;PINEDA LIZANO JUAN JOSE;JUE;15;0;16;50
FI1101;Fisica general I;3;;MA1102;12;ROJAS PEREZ FRANCISCO;MAR;9;30;11;20
FI1101;Fisica general I;3;;MA1102;12;ROJAS PEREZ FRANCISCO;JUE;9;30;11;20
FI1101;Fisica general I;3;;MA1102;13;ROJAS PEREZ FRANCISCO;MIE;15;0;16;50
FI1101;Fisica general I;3;;MA1102;13;ROJAS PEREZ FRANCISCO;VIE;15;0;16;50
FI1101;Fisica general I;3;;MA1102;14;SEGURA ZARATE ANA YANCY;MIE;9;30;11;20
FI1101;Fisica general I;3;;MA1102;14;SEGURA ZARATE ANA YANCY;VIE;9;30;11;20
FI1101;Fisica general I;3;;MA1102;15;SEGURA ZARATE ANA YANCY;MIE;13;0;14;50
FI1101;Fisica general I;3;;MA1102;15;SEGURA ZARATE ANA YANCY;VIE;13;0;14;50
FI1101;Fisica general I;3;;MA1102;16;SEGURA ZARATE ANA YANCY;MIE;17;0;18;50
FI1101;Fisica general I;3;;MA1102;16;SEGURA ZARATE ANA YANCY;VIE;17;0;18;50
FI1101;Fisica general I;3;;MA1102;17;VARGAS BLANCO IVAN;MAR;13;0;14;50
FI1101;Fisica general I;3;;MA1102;17;VARGAS BLANCO IVAN;JUE;13;0;14;50
FI1201;Laboratorio fisica general I;1;;FI1101;1;ALFARO ALVARADO JOSE ABRAHAN;JUE;7;30;9;20
FI1201;Laboratorio fisica general I;1;;FI1101;2;ALFARO ALVARADO JOSE ABRAHAN;JUE;17;0;18;50
FI1201;Laboratorio fisica general I;1;;FI1101;3;CAMBRONERO CORDERO MICHAEL;MIE;15;0;16;50
FI1201;Laboratorio fisica general I;1;;FI1101;4;CAMBRONERO CORDERO MICHAEL;MIE;17;0;18;50
FI1201;Laboratorio fisica general I;1;;FI1101;5;CAMPOS RODRIGUEZ MELANIA;MAR;13;0;14;50
FI1201;Laboratorio fisica general I;1;;FI1101;6;CAMPOS RODRIGUEZ MELANIA;MAR;15;0;16;50
FI1201;Laboratorio fisica general I;1;;FI1101;7;CORRALES QUESADA ESTEBAN;MIE;17;0;18;50
FI1201;Laboratorio fisica general I;1;;FI1101;8;CORRALES QUESADA ESTEBAN;VIE;13;0;14;50
FI1201;Laboratorio fisica general I;1;;FI1101;9;ELIZONDO ZUÑIGA JENNIFER;MIE;9;30;11;20
FI1201;Laboratorio fisica general I;1;;FI1101;10;JIMENEZ CARBALLO CARLOS ADRIAN;MAR;9;30;11;20
FI1201;Laboratorio fisica general I;1;;FI1101;11;JIMENEZ CARBALLO CARLOS ADRIAN;MIE;9;30;11;20
FI1201;Laboratorio fisica general I;1;;FI1101;12;MAYORGA ESPINOZA CARLOS;MIE;13;0;14;50
FI1201;Laboratorio fisica general I;1;;FI1101;13;MONTERO ZELEDON ERNESTO;JUE;9;30;11;20
FI1201;Laboratorio fisica general I;1;;FI1101;14;MORALES MUÑOZ WALTER;JUE;15;0;16;50
FI1201;Laboratorio fisica general I;1;;FI1101;15;MORALES MUÑOZ WALTER;VIE;7;30;9;20
FI1201;Laboratorio fisica general I;1;;FI1101;16;MORALES MUÑOZ WALTER;VIE;9;30;11;20
FI1201;Laboratorio fisica general I;1;;FI1101;17;MORALES MUÑOZ WALTER;JUE;13;0;14;50
FI1201;Laboratorio fisica general I;1;;FI1101;18;OREAMUNO MADRIZ RAFAEL;MAR;13;0;14;50
FI1201;Laboratorio fisica general I;1;;FI1101;19;PEREZ HIDALGO JOSE ESTEBAN;MIE;7;30;9;20
FI1201;Laboratorio fisica general I;1;;FI1101;20;SEGURA CARVAJAL MARCOS;MAR;17;0;18;50
FI1201;Laboratorio fisica general I;1;;FI1101;21;SEGURA CARVAJAL MARCOS;MIE;15;0;16;50
FI1201;Laboratorio fisica general I;1;;FI1101;22;SEGURA CARVAJAL MARCOS;JUE;17;0;18;50
FI1201;Laboratorio fisica general I;1;;FI1101;23;SEVILLA QUESADA EVAR;MAR;7;30;9;20
FI1201;Laboratorio fisica general I;1;;FI1101;24;SOLANO PIEDRA RICARDO ADOLFO;MAR;9;30;11;20
FI1201;Laboratorio fisica general I;1;;FI1101;25;SOLANO PIEDRA RICARDO ADOLFO;JUE;9;30;11;20
FI1102;Fisica general II;3;FI1101;MA1102;1;AMADOR JARA ALVARO;MAR;9;30;11;20
FI1102;Fisica general II;3;FI1101;MA1102;1;AMADOR JARA ALVARO;JUE;9;30;11;20
FI1102;Fisica general II;3;FI1101;MA1102;2;CORRALES QUESADA ESTEBAN;MIE;15;0;16;50
FI1102;Fisica general II;3;FI1101;MA1102;2;CORRALES QUESADA ESTEBAN;VIE;15;0;16;50
FI1102;Fisica general II;3;FI1101;MA1102;3;LOBO ZAMORA JUAN CARLOS;MAR;7;30;9;20
FI1102;Fisica general II;3;FI1101;MA1102;3;LOBO ZAMORA JUAN CARLOS;JUE;7;30;9;20
FI1102;Fisica general II;3;FI1101;MA1102;4;MURILLO ZUMBADO GUSTAVO;MIE;7;30;9;20
FI1102;Fisica general II;3;FI1101;MA1102;4;MURILLO ZUMBADO GUSTAVO;VIE;7;30;9;20
FI1102;Fisica general II;3;FI1101;MA1102;5;MURILLO ZUMBADO GUSTAVO;MAR;9;30;11;20
FI1102;Fisica general II;3;FI1101;MA1102;5;MURILLO ZUMBADO GUSTAVO;JUE;9;30;11;20
FI1102;Fisica general II;3;FI1101;MA1102;6;OREAMUNO MADRIZ RAFAEL;MIE;13;0;14;50
FI1102;Fisica general II;3;FI1101;MA1102;6;OREAMUNO MADRIZ RAFAEL;VIE;13;0;14;50
FI1102;Fisica general II;3;FI1101;MA1102;7;PEREZ HIDALGO JOSE ESTEBAN;MIE;9;30;11;20
FI1102;Fisica general II;3;FI1101;MA1102;7;PEREZ HIDALGO JOSE ESTEBAN;VIE;9;30;11;20
FI1102;Fisica general II;3;FI1101;MA1102;8;PINEDA LIZANO JUAN JOSE;MAR;17;0;18;50
FI1102;Fisica general II;3;FI1101;MA1102;8;PINEDA LIZANO JUAN JOSE;JUE;17;0;18;50
FI1102;Fisica general II;3;FI1101;MA1102;9;PINEDA LIZANO JUAN JOSE;MAR;13;0;14;50
FI1102;Fisica general II;3;FI1101;MA1102;9;PINEDA LIZANO JUAN JOSE;JUE;13;0;14;50
FI1102;Fisica general II;3;FI1101;MA1102;10;SOTO CHINCHILLA YERRY;MAR;7;30;9;20
FI1102;Fisica general II;3;FI1101;MA1102;10;SOTO CHINCHILLA YERRY;JUE;7;30;9;20
FI1102;Fisica general II;3;FI1101;MA1102;11;VARGAS BLANCO IVAN;MAR;9;30;11;20
FI1102;Fisica general II;3;FI1101;MA1102;11;VARGAS BLANCO IVAN;JUE;9;30;11;20
FI1202;Laboratorio fisica general II;1;FI1201;FI1102;1;ARAYA SOLANO LUIS ALONSO;MAR;9;30;11;20
FI1202;Laboratorio fisica general II;1;FI1201;FI1102;2;ARAYA SOLANO LUIS ALONSO;MAR;13;0;14;50
FI1202;Laboratorio fisica general II;1;FI1201;FI1102;3;JIMENEZ CARBALLO CARLOS ADRIAN;MIE;7;30;9;20
FI1202;Laboratorio fisica general II;1;FI1201;FI1102;4;MORALES MUÑOZ WALTER;JUE;9;30;11;20
FI1202;Laboratorio fisica general II;1;FI1201;FI1102;5;MORALES MUÑOZ WALTER;VIE;13;0;14;50
FI1202;Laboratorio fisica general II;1;FI1201;FI1102;6;MURILLO ZUMBADO GUSTAVO;MIE;9;30;11;20
FI1202;Laboratorio fisica general II;1;FI1201;FI1102;7;OREAMUNO MADRIZ RAFAEL;MIE;15;0;16;50
FI1202;Laboratorio fisica general II;1;FI1201;FI1102;8;ROJAS ROJAS LAURA;MIE;13;0;14;50
FI1202;Laboratorio fisica general II;1;FI1201;FI1102;9;SEVILLA QUESADA EVAR;MAR;17;0;18;50
FI2103;Fisica general III;3;FI1101|MA1102;;1;ARAYA SOLANO LUIS ALONSO;MAR;15;0;16;50
FI2103;Fisica general III;3;FI1101|MA1102;;1;ARAYA SOLANO LUIS ALONSO;JUE;15;0;16;50
FI2103;Fisica general III;3;FI1101|MA1102;;2;FONT CRUZ EDUARDO;MAR;17;0;18;50
FI2103;Fisica general III;3;FI1101|MA1102;;2;FONT CRUZ EDUARDO;JUE;17;0;18;50
FI2103;Fisica general III;3;FI1101|MA1102;;3;GUTIERREZ CHAVES CARLOS ROBERTO;MIE;15;0;16;50
FI2103;Fisica general III;3;FI1101|MA1102;;3;GUTIERREZ CHAVES CARLOS ROBERTO;VIE;15;0;16;50
FI2103;Fisica general III;3;FI1101|MA1102;;4;LOBO ZAMORA JUAN CARLOS;MAR;13;0;14;50
FI2103;Fisica general III;3;FI1101|MA1102;;4;LOBO ZAMORA JUAN CARLOS;JUE;13;0;14;50
FI2103;Fisica general III;3;FI1101|MA1102;;5;LOBO ZAMORA JUAN CARLOS;MAR;9;30;11;20
FI2103;Fisica general III;3;FI1101|MA1102;;5;LOBO ZAMORA JUAN CARLOS;JUE;9;30;11;20
FI2103;Fisica general III;3;FI1101|MA1102;;6;MONTERO ZELEDON ERNESTO;MAR;7;30;9;20
FI2103;Fisica general III;3;FI1101|MA1102;;6;MONTERO ZELEDON ERNESTO;JUE;7;30;9;20
FI2103;Fisica general III;3;FI1101|MA1102;;7;OREAMUNO MADRIZ RAFAEL;MIE;9;30;11;20
FI2103;Fisica general III;3;FI1101|MA1102;;7;OREAMUNO MADRIZ RAFAEL;VIE;9;30;11;20
FI2103;Fisica general III;3;FI1101|MA1102;;8;ROJAS PEREZ FRANCISCO;MIE;13;0;14;50
FI2103;Fisica general III;3;FI1101|MA1102;;8;ROJAS PEREZ FRANCISCO;VIE;13;0;14;50
FI2103;Fisica general III;3;FI1101|MA1102;;9;ROJAS ROJAS LAURA;MAR;9;30;11;20
FI2103;Fisica general III;3;FI1101|MA1102;;9;ROJAS ROJAS LAURA;JUE;9;30;11;20
FI2103;Fisica general III;3;FI1101|MA1102;;10;SEGURA ZARATE ANA YANCY;MIE;7;30;9;20
FI2103;Fisica general III;3;FI1101|MA1102;;10;SEGURA ZARATE ANA YANCY;VIE;7;30;9;20
IF3502;Instrumentacion I;1;;MT2001|MT2002;1;FONT CRUZ EDUARDO;MAR;9;30;11;20
IF3502;Instrumentacion I;1;;MT2001|MT2002;2;MOYA SERRANO ROY DAVID;MAR;7;30;9;20
MI3117;Dinamica;3;MI2106;;1;MONTERO JIMENEZ JUAN JOSE;MIE;13;0;16;50
MI3117;Dinamica;3;MI2106;;2;OTAROLA ZUÑIGA CARLOS;MAR;17;0;20;50
MI3117;Dinamica;3;MI2106;;3;RICHMOND NAVARRO GUSTAVO;LUN;7;30;11;20
MI2101;Dibujo tecnico;3;MA0101;;1;BERMUDEZ CHACON MARVIN;LUN;7;30;11;20
MI2101;Dibujo tecnico;3;MA0101;;2;BONILLA GUIDO FRANCISCO;LUN;17;0;20;50
MI2101;Dibujo tecnico;3;MA0101;;3;BONILLA GUIDO FRANCISCO;MAR;17;0;20;50
MI2101;Dibujo tecnico;3;MA0101;;4;CORDOBA RAMIREZ LUIS FELIPE;MAR;7;30;11;20
MI2101;Dibujo tecnico;3;MA0101;;5;GUZMAN CONEJO JOSHUA;MIE;17;0;20;50
MI2101;Dibujo tecnico;3;MA0101;;6;HERNANDEZ GONZALEZ VICTOR JULIO;MIE;17;0;20;50
MI2101;Dibujo tecnico;3;MA0101;;7;HERNANDEZ GONZALEZ VICTOR JULIO;JUE;13;0;16;50
MI2101;Dibujo tecnico;3;MA0101;;8;JACKSON QUIROS HERBERT;VIE;7;30;11;20
MI2101;Dibujo tecnico;3;MA0101;;9;JIMENEZ CECILIANO MAXIMINO;MAR;17;0;20;50
MI2101;Dibujo tecnico;3;MA0101;;10;MARIN GUILLEN FRANK;MIE;7;30;11;20
MI2101;Dibujo tecnico;3;MA0101;;11;MARIN GUILLEN FRANK;MIE;13;0;16;50
MI2101;Dibujo tecnico;3;MA0101;;12;ROJAS GOMEZ JULIO CESAR;VIE;13;0;16;50
MI2101;Dibujo tecnico;3;MA0101;;13;UREÑA SANDI NOEL;VIE;7;30;11;20
MI2106;Estatica;3;FI1101;;1;GUERRERO FERNANDEZ JUAN LUIS;MAR;7;30;11;20
MI2106;Estatica;3;FI1101;;2;MATA COTO MANUEL;LUN;7;30;11;20
MI2106;Estatica;3;FI1101;;3;MATA COTO MANUEL;JUE;7;30;11;20
MI2106;Estatica;3;FI1101;;4;MONTERO JIMENEZ JUAN JOSE;JUE;13;0;16;50
MI2106;Estatica;3;FI1101;;5;MORERA HIDALGO JULIO;MAR;7;30;11;20
MI2106;Estatica;3;FI1101;;6;MORERA HIDALGO JULIO;MIE;7;30;11;20
MI2106;Estatica;3;FI1101;;7;SALAS MOYA LAURA;VIE;7;30;11;20
MI2106;Estatica;3;FI1101;;8;VEGA SANCHEZ CHRISTOPHER;MAR;13;0;16;50
MT2001;Circuitos electricos en CC y CA;3;FI1102;;1;MEZA OBANDO FELIPE;MAR;7;30;9;20
MT2001;Circuitos electricos en CC y CA;3;FI1102;;1;MEZA OBANDO FELIPE;JUE;7;30;9;20
MT2001;Circuitos electricos en CC y CA;3;FI1102;;2;MEZA OBANDO FELIPE;MAR;15;0;16;50
MT2001;Circuitos electricos en CC y CA;3;FI1102;;2;MEZA OBANDO FELIPE;JUE;15;0;16;50
MT2001;Circuitos electricos en CC y CA;3;FI1102;;3;VAQUERANO PINEDA NICOLAS;MAR;9;30;11;20
MT2001;Circuitos electricos en CC y CA;3;FI1102;;3;VAQUERANO PINEDA NICOLAS;JUE;9;30;11;20
MT2002;Laboratorio de circuitos de corriente continua y corriente alterna;1;MA1102;MT2001;1;ARIAS ESQUIVEL YEINER;MAR;13;0;14;50
MT2002;Laboratorio de circuitos de corriente continua y corriente alterna;1;MA1102;MT2001;2;ASENJO CASTILLO EDUARDO JOSE;MIE;15;0;16;50
MT2002;Laboratorio de circuitos de corriente continua y corriente alterna;1;MA1102;MT2001;3;MELENDEZ POLTRONIERI ROGER;MAR;18;0;19;50
MT2002;Laboratorio de circuitos de corriente continua y corriente alterna;1;MA1102;MT2001;4;VILCHEZ MONGE MARTA;MIE;7;30;9;20
CA2125;Elementos de computacion;3;;;1;BOGARIN NAVARRO RODRIGO;MAR;19;0;20;50
CA2125;Elementos de computacion;3;;;1;BOGARIN NAVARRO RODRIGO;JUE;19;0;20;50
CA2125;Elementos de computacion;3;;;2;CAMPOS FERNANDEZ IVAN;MAR;17;0;18;50
CA2125;Elementos de computacion;3;;;2;CAMPOS FERNANDEZ IVAN;JUE;17;0;18;50
CA2125;Elementos de computacion;3;;;3;CAMPOS FERNANDEZ IVAN;MAR;19;0;20;50
CA2125;Elementos de computacion;3;;;3;CAMPOS FERNANDEZ IVAN;JUE;19;0;20;50
CA2125;Elementos de computacion;3;;;4;CERDAS QUESADA IVANNIA;MAR;13;0;14;50
CA2125;Elementos de computacion;3;;;4;CERDAS QUESADA IVANNIA;JUE;13;0;14;50
CA2125;Elementos de computacion;3;;;5;COTO SARMIENTO LAURA;MAR;7;30;9;20
CA2125;Elementos de computacion;3;;;5;COTO SARMIENTO LAURA;JUE;7;30;9;20
CA2125;Elementos de computacion;3;;;6;COTO SARMIENTO LAURA;MAR;9;30;11;20
CA2125;Elementos de computacion;3;;;6;COTO SARMIENTO LAURA;JUE;9;30;11;20
CA2125;Elementos de computacion;3;;;7;HERNANDEZ SIBAJA BRYAN;MAR;13;0;14;50
CA2125;Elementos de computacion;3;;;7;HERNANDEZ SIBAJA BRYAN;JUE;13;0;14;50
CA2125;Elementos de computacion;3;;;8;MATA RODRIGUEZ WILLIAM;MIE;9;30;11;20
CA2125;Elementos de computacion;3;;;8;MATA RODRIGUEZ WILLIAM;VIE;9;30;11;20
CA2125;Elementos de computacion;3;;;12;MATA RODRIGUEZ WILLIAM;MIE;9;30;11;20
CA2125;Elementos de computacion;3;;;12;MATA RODRIGUEZ WILLIAM;VIE;9;30;11;20
CA2125;Elementos de computacion;3;;;13;MATA RODRIGUEZ WILLIAM;MIE;7;30;9;20
CA2125;Elementos de computacion;3;;;13;MATA RODRIGUEZ WILLIAM;VIE;7;30;9;20
CA2125;Elementos de computacion;3;;;9;NAVAS SU JOSE DOLORES;MAR;19;0;20;50
CA2125;Elementos de computacion;3;;;9;NAVAS SU JOSE DOLORES;JUE;19;0;20;50
CA2125;Elementos de computacion;3;;;10;QUIROS RAMIREZ FRANCO;MIE;13;0;14;50
CA2125;Elementos de computacion;3;;;10;QUIROS RAMIREZ FRANCO;VIE;13;0;14;50
CA2125;Elementos de computacion;3;;;11;VILLALOBOS ARIAS LUIS ROBERTO;MAR;17;0;18;50
CA2125;Elementos de computacion;3;;;11;VILLALOBOS ARIAS LUIS ROBERTO;JUE;17;0;18;50
PI2609;Probabilidad y estadistica;2;MA2104;;1;HASBUM FERNANDEZ IVANNIA;MIE;13;0;15;50
PI2609;Probabilidad y estadistica;2;MA2104;;1;HASBUM FERNANDEZ IVANNIA;JUE;13;0;15;50
PI2609;Probabilidad y estadistica;2;MA2104;;2;SOLANO LEANDRO PAULA;LUN;7;30;10;20
PI2610;Probabilidad y estadistica I;3;MA1102;CA2125;1;ALEGRIA GRANADOS MELISSA;MIE;7;30;11;20
PI2610;Probabilidad y estadistica I;3;MA1102;CA2125;2;ROBLES OBANDO NATALIA;JUE;13;0;16;50
PI2610;Probabilidad y estadistica I;3;MA1102;CA2125;3;SILES SOLANO ANA CATALINA;MIE;17;0;20;50
SO4604;Seguridad y salud ocupacional;3;FI1102;;1;CARPIO CHAVES MONICA;JUE;13;0;15;50
SO4604;Seguridad y salud ocupacional;3;FI1102;;2;MORALES MARTINEZ GABRIELA;LUN;7;30;10;20
SO4604;Seguridad y salud ocupacional;3;FI1102;;3;MORALES MARTINEZ GABRIELA;JUE;17;0;19;50
SO4604;Seguridad y salud ocupacional;3;FI1102;;4;MORALES MARTINEZ GABRIELA;MIE;13;0;15;50
SO4604;Seguridad y salud ocupacional;3;FI1102;;5;MORALES MARTINEZ GABRIELA;VIE;7;30;10;20
EL2113;Circuitos electricos en corriente continua;4;FI1101|MA1102;;1;HERNANDEZ RIVERA MIGUEL;LUN;7;30;9;20
EL2113;Circuitos electricos en corriente continua;4;FI1101|MA1102;;1;HERNANDEZ RIVERA MIGUEL;MIE;7;30;9;20
EL2113;Circuitos electricos en corriente continua;4;FI1101|MA1102;;2;PEREZ RODRIGUEZ JAVIER;MAR;9;30;11;20
EL2113;Circuitos electricos en corriente continua;4;FI1101|MA1102;;2;PEREZ RODRIGUEZ JAVIER;JUE;9;30;11;20
EL2113;Circuitos electricos en corriente continua;4;FI1101|MA1102;;3;PICADO GARCIA FABIAN ALBERTO;LUN;7;30;11;20
EL2113;Circuitos electricos en corriente continua;4;FI1101|MA1102;;4;VEGA CASTILLO PAOLA;MIE;9;30;11;20
EL2113;Circuitos electricos en corriente continua;4;FI1101|MA1102;;4;VEGA CASTILLO PAOLA;VIE;9;30;11;20
EL2114;Circuitos electricos en corriente alterna;4;EL2113;EL2207;1;CHINCHILLA VARGAS ERICK GUSTAVO;MIE;17;0;18;50
EL2114;Circuitos electricos en corriente alterna;4;EL2113;EL2207;1;CHINCHILLA VARGAS ERICK GUSTAVO;VIE;17;0;18;50
EL2114;Circuitos electricos en corriente alterna;4;EL2113;EL2207;2;HERRERO CHAVARRIA FELIPE;MAR;17;0;18;50
EL2114;Circuitos electricos en corriente alterna;4;EL2113;EL2207;2;HERRERO CHAVARRIA FELIPE;JUE;17;0;18;50
EL2114;Circuitos electricos en corriente alterna;4;EL2113;EL2207;3;QUIROS SOLANO WILLIAM;MAR;9;30;11;20
EL2114;Circuitos electricos en corriente alterna;4;EL2113;EL2207;3;QUIROS SOLANO WILLIAM;JUE;9;30;11;20
EL2114;Circuitos electricos en corriente alterna;4;EL2113;EL2207;4;VALVERDE GARDELA HEBERTH;MIE;7;30;9;20
EL2114;Circuitos electricos en corriente alterna;4;EL2113;EL2207;4;VALVERDE GARDELA HEBERTH;VIE;7;30;9;20
EL2207;Elementos activos;4;EL2113;;1;MONTERO RODRIGUEZ JUAN JOSE;MAR;7;30;9;20
EL2207;Elementos activos;4;EL2113;;1;MONTERO RODRIGUEZ JUAN JOSE;JUE;7;30;9;20
EL2207;Elementos activos;4;EL2113;;2;PINNOCK CHACON MAC ALFRED;MIE;17;0;18;50
EL2207;Elementos activos;4;EL2113;;2;PINNOCK CHACON MAC ALFRED;VIE;9;30;11;20
EL2207;Elementos activos;4;EL2113;;3;SEGURA QUIROS CARLOS;MAR;15;0;16;50
EL2207;Elementos activos;4;EL2113;;3;SEGURA QUIROS CARLOS;JUE;15;0;16;50
EL2207;Elementos activos;4;EL2113;;4;VEGA CASTILLO PAOLA;MIE;15;0;16;50
EL2207;Elementos activos;4;EL2113;;4;VEGA CASTILLO PAOLA;VIE;15;0;16;50
CI1106;Comunicacion escrita;2;;;1;AMADOR SOLANO GABRIELA;JUE;9;30;12;20
CI1106;Comunicacion escrita;2;;;2;ARCE FUENTES JOSE DANIEL;LUN;18;0;20;50
CI1106;Comunicacion escrita;2;;;3;RIOS SANCHEZ ARMANDO;MIE;13;0;15;50
CI1106;Comunicacion escrita;2;;;4;ROMERO ALVAREZ ERICKA;MAR;13;0;15;50
CI1106;Comunicacion escrita;2;;;5;VARGAS CASTRO ERICKA;MIE;9;30;12;20
CI1107;Comunicacion oral;1;CI1106;;1;AMADOR SOLANO GABRIELA;MAR;9;30;12;20
CI1107;Comunicacion oral;1;CI1106;;2;AMADOR SOLANO GABRIELA;VIE;9;30;12;20
CI1107;Comunicacion oral;1;CI1106;;3;ARCE FUENTES JOSE DANIEL;JUE;18;0;20;50
CI1107;Comunicacion oral;1;CI1106;;4;ARCE FUENTES JOSE DANIEL;VIE;17;0;19;50
CI1107;Comunicacion oral;1;CI1106;;5;CASTILLO RODRIGUEZ LARISSA;LUN;7;30;10;20
CI1107;Comunicacion oral;1;CI1106;;6;CASTILLO RODRIGUEZ LARISSA;LUN;18;0;20;50
CI1107;Comunicacion oral;1;CI1106;;7;CASTILLO RODRIGUEZ LARISSA;MAR;7;30;10;20
CI1107;Comunicacion oral;1;CI1106;;8;CASTILLO RODRIGUEZ LARISSA;MAR;13;0;15;50
CI1107;Comunicacion oral;1;CI1106;;9;CASTILLO RODRIGUEZ LARISSA;MAR;16;0;18;50
CI1107;Comunicacion oral;1;CI1106;;10;CASTILLO RODRIGUEZ LARISSA;MIE;7;30;10;20
CI1107;Comunicacion oral;1;CI1106;;11;MORALES GARAY SARAY;MAR;7;30;10;20
CI1107;Comunicacion oral;1;CI1106;;12;MORALES GARAY SARAY;JUE;7;30;10;20
CI1107;Comunicacion oral;1;CI1106;;13;MORALES GARAY SARAY;VIE;7;30;10;20
CI1107;Comunicacion oral;1;CI1106;;14;MORALES SOLANO PAOLA NATALIA;LUN;18;0;20;50
CI1107;Comunicacion oral;1;CI1106;;15;MORALES SOLANO PAOLA NATALIA;JUE;17;0;19;50
CI1107;Comunicacion oral;1;CI1106;;16;MORALES SOLANO PAOLA NATALIA;VIE;16;0;18;50
CI1107;Comunicacion oral;1;CI1106;;17;PEREZ ROJAS NELSON;LUN;9;30;12;20
CI1107;Comunicacion oral;1;CI1106;;18;PEREZ ROJAS NELSON;JUE;9;30;12;20
CI1107;Comunicacion oral;1;CI1106;;19;RIOS SANCHEZ ARMANDO;MIE;9;30;12;20
CI1107;Comunicacion oral;1;CI1106;;20;RODRIGUEZ HERRA NATALIA;MIE;13;0;15;50
CI1107;Comunicacion oral;1;CI1106;;21;RODRIGUEZ HERRA NATALIA;MIE;17;0;19;50
CI1107;Comunicacion oral;1;CI1106;;22;ROMERO ALVAREZ ERICKA;JUE;9;30;12;20
CI1107;Comunicacion oral;1;CI1106;;23;ROMERO ALVAREZ ERICKA;JUE;13;0;15;50
CI1107;Comunicacion oral;1;CI1106;;24;ROMERO ALVAREZ ERICKA;VIE;9;30;12;20
CI1107;Comunicacion oral;1;CI1106;;25;SANCHEZ SANCHEZ DANIELA;MIE;16;0;18;50
CI1107;Comunicacion oral;1;CI1106;;26;SHILTAGH PRADA DIMITRI;MAR;13;0;15;50
CI1107;Comunicacion oral;1;CI1106;;27;SHILTAGH PRADA DIMITRI;MAR;18;0;20;50
CI1107;Comunicacion oral;1;CI1106;;28;SHILTAGH PRADA DIMITRI;MIE;13;0;15;50
CI1107;Comunicacion oral;1;CI1106;;29;SHILTAGH PRADA DIMITRI;MIE;18;0;20;50
CI1107;Comunicacion oral;1;CI1106;;30;SHILTAGH PRADA DIMITRI;JUE;13;0;15;50
CI1107;Comunicacion oral;1;CI1106;;31;SHILTAGH PRADA DIMITRI;VIE;13;0;15;50
CI1107;Comunicacion oral;1;CI1106;;32;SOLANO MORAGA SIGRID;JUE;15;0;17;50
CI1230;Ingles I;2;CI0200|CI0202;;1;ALBERTAZZI OSORIO SONIA;MAR;7;30;10;20
CI1230;Ingles I;2;CI0200|CI0202;;2;ALBERTAZZI OSORIO SONIA;JUE;13;0;15;50
CI1230;Ingles I;2;CI0200|CI0202;;11;BRENES ROJAS LEONARDO;LUN;7;30;10;20
CI1230;Ingles I;2;CI0200|CI0202;;3;GOMEZ MONTOYA CARLOS ANDRES;MIE;18;0;20;50
CI1230;Ingles I;2;CI0200|CI0202;;4;GOMEZ MONTOYA CARLOS ANDRES;JUE;18;0;20;50
CI1230;Ingles I;2;CI0200|CI0202;;5;GUILLEN JIMENEZ LUIS DIEGO;MAR;15;0;17;50
CI1230;Ingles I;2;CI0200|CI0202;;6;HERRERA JIMENEZ INGRID;MAR;9;30;12;20
CI1230;Ingles I;2;CI0200|CI0202;;7;MOLINA VILLALOBOS TANIA;JUE;9;30;12;20
CI1230;Ingles I;2;CI0200|CI0202;;8;RAMIREZ CASTRO MONSERRAT;MIE;9;30;12;20
CI1230;Ingles I;2;CI0200|CI0202;;9;SOLANO SOLANO JOSE EDUARDO;MIE;13;0;15;50
CI1230;Ingles I;2;CI0200|CI0202;;10;SOLANO SOLANO JOSE EDUARDO;VIE;13;0;15;50
CI1231;Ingles II;2;CI1230;;1;ALBERTAZZI OSORIO SONIA;MAR;13;0;15;50
CI1231;Ingles II;2;CI1230;;2;FUENTES MORA ESTEBAN;MIE;13;0;15;50
CI1231;Ingles II;2;CI1230;;3;GOMEZ MONTOYA CARLOS ANDRES;MAR;18;0;20;50
CI1231;Ingles II;2;CI1230;;4;HERRERA JIMENEZ INGRID;LUN;18;0;20;50
CI1231;Ingles II;2;CI1230;;5;KENNEDY RUSSELL ANA;MAR;7;30;10;20
CI1231;Ingles II;2;CI1230;;6;SOLANO OBANDO MABEL;LUN;9;30;12;20
CI1231;Ingles II;2;CI1230;;7;SOLANO OBANDO MABEL;MIE;9;30;12;20
CI1231;Ingles II;2;CI1230;;8;SOLANO OBANDO MABEL;JUE;9;30;12;20
CI1231;Ingles II;2;CI1230;;9;SOLANO OBANDO MABEL;MIE;16;0;18;50
CI1231;Ingles II;2;CI1230;;10;VALLECILLO ALFARO JOHANNY;VIE;9;30;12;20
CI1231;Ingles II;2;CI1230;;11;VALLECILLO ALFARO JOHANNY;VIE;13;0;15;50
CI1407;Habilidades de comunicacion en ingenieria;2;CI1107;;1;GODINEZ ROJAS PAULETTE;LUN;9;30;12;20
CI1407;Habilidades de comunicacion en ingenieria;2;CI1107;;2;MORALES GARAY SARAY;MAR;13;0;15;50
CI1407;Habilidades de comunicacion en ingenieria;2;CI1107;;3;MORALES SOLANO PAOLA NATALIA;JUE;13;0;15;50
CI1407;Habilidades de comunicacion en ingenieria;2;CI1107;;4;MORALES SOLANO PAOLA NATALIA;VIE;7;30;10;20
CI0202;Ingles basico;2;;;1;ALBERTAZZI OSORIO SONIA;JUE;18;0;20;50
CI0202;Ingles basico;2;;;2;ALBERTAZZI OSORIO SONIA;VIE;9;30;12;20
CI0202;Ingles basico;2;;;3;GOMEZ MONTOYA CARLOS ANDRES;MIE;15;0;17;50
CI0202;Ingles basico;2;;;4;KENNEDY RUSSELL ANA;LUN;18;0;20;50
CI0202;Ingles basico;2;;;5;KENNEDY RUSSELL ANA;MAR;13;0;15;50
CI0202;Ingles basico;2;;;6;MURILLO ESCALANTE ROCIO;JUE;9;30;12;20
CI0202;Ingles basico;2;;;7;RIVERA VEGA KATERINE;MAR;17;0;19;50
CI0202;Ingles basico;2;;;8;VALLECILLO ALFARO JOHANNY;MIE;13;0;15;50
CI0202;Ingles basico;2;;;9;VALLECILLO ALFARO JOHANNY;LUN;9;30;12;20
CI0202;Ingles basico;2;;;10;VINDAS FERNANDEZ NURIA;JUE;13;0;15;50
CS1502;Introduccion a la tecnica ciencia y tecnologia;3;;;1;BOJORGE MURILLO ALEXANDER;MIE;9;30;11;20
CS1502;Introduccion a la tecnica ciencia y tecnologia;3;;;2;BOJORGE MURILLO ALEXANDER;MIE;17;0;18;50
CS1502;Introduccion a la tecnica ciencia y tecnologia;3;;;3;BOJORGE MURILLO ALEXANDER;MAR;15;0;16;50
CS1502;Introduccion a la tecnica ciencia y tecnologia;3;;;4;GARRO REYES MAURICIO;MIE;9;30;11;20
CS1502;Introduccion a la tecnica ciencia y tecnologia;3;;;5;ORTIZ ACUÑA LEONARDO;JUE;9;30;11;20
CS2101;Ambiente humano;2;;;1;MURILLO SOLIS JAVIER;JUE;9;30;12;20
CS2101;Ambiente humano;2;;;2;ORTIZ ALVAREZ JORGE ISAAC;VIE;9;30;12;20
CS2101;Ambiente humano;2;;;3;ORTIZ ALVAREZ JORGE ISAAC;MIE;9;30;12;20
CS2101;Ambiente humano;2;;;4;ORTIZ ALVAREZ JORGE ISAAC;MIE;15;0;17;50
CS2101;Ambiente humano;2;;;5;RODRIGUEZ MORALES OSCAR;MAR;9;30;12;20
CS2101;Ambiente humano;2;;;6;RODRIGUEZ MORALES OSCAR;LUN;7;30;10;20
CS2101;Ambiente humano;2;;;7;RODRIGUEZ MORALES OSCAR;LUN;18;0;20;50
CS2101;Ambiente humano;2;;;8;ROJAS MOLINA BETSY;MAR;18;0;20;50
SE1101;Artes dramaticas;0;;;1;DE SIMONE CASTELLON ALEXANDRA;LUN;9;30;11;20
SE1101;Artes dramaticas;0;;;2;GOMEZ JIMENEZ ANDREA;MAR;17;0;18;50
SE1101;Artes dramaticas;0;;;2;GOMEZ JIMENEZ ANDREA;MIE;15;0;16;50
SE1102;Accion social;0;;;1;BARRANTES ALVARADO IVAN;LUN;18;0;19;50
SE1102;Accion social;0;;;1;BARRANTES ALVARADO IVAN;MAR;9;30;11;20
SE1102;Accion social;0;;;2;VALERIN ROJAS SOFIA;LUN;7;30;9;20
SE1102;Accion social;0;;;2;VALERIN ROJAS SOFIA;MAR;7;30;9;20
SE1102;Accion social;0;;;2;VALERIN ROJAS SOFIA;MIE;7;30;9;20
SE1102;Accion social;0;;;3;VALERIN ROJAS SOFIA;MIE;9;30;11;20
SE1103;Danza;0;;;1;QUESADA VILLALOBOS JORGE;JUE;9;30;11;20
SE1104;Artes visuales;0;;;1;DIAZ BRENES NELSON;LUN;17;0;18;50
SE1104;Artes visuales;0;;;1;DIAZ BRENES NELSON;MAR;17;0;18;50
SE1104;Artes visuales;0;;;1;DIAZ BRENES NELSON;MIE;17;0;18;50
SE1104;Artes visuales;0;;;2;COTO GUZMAN ALICIA;VIE;9;30;11;20
SE1105;Artes musicales;0;;;1;CASTILLO ULATE ELENA;LUN;7;30;9;20
SE1105;Artes musicales;0;;;1;CASTILLO ULATE ELENA;VIE;13;0;14;50
SE1105;Artes musicales;0;;;2;MEZA SOLANO VINICIO;MAR;15;0;16;50
SE1105;Artes musicales;0;;;2;MEZA SOLANO VINICIO;MAR;17;0;18;50
SE1105;Artes musicales;0;;;2;MEZA SOLANO VINICIO;JUE;15;0;16;50
SE1105;Artes musicales;0;;;3;MONGE PEREZ LUIS DIEGO;MAR;9;30;11;20
SE1105;Artes musicales;0;;;3;MONGE PEREZ LUIS DIEGO;MAR;13;0;14;50
SE1105;Artes musicales;0;;;3;MONGE PEREZ LUIS DIEGO;JUE;18;0;19;50
SE1106;Apreciacion literaria;0;;;1;RAMOS VARGAS ARNOLDO;MAR;7;30;9;20
SE1107;Apreciacion de cine;0;;;1;COTO GUZMAN ALICIA;MAR;9;30;11;20
SE1107;Apreciacion de cine;0;;;1;COTO GUZMAN ALICIA;JUE;9;30;11;20
SE1107;Apreciacion de cine;0;;;2;DIAZ BRENES NELSON;VIE;13;0;14;50
SE1107;Apreciacion de cine;0;;;3;RAMOS VARGAS ARNOLDO;MAR;15;0;16;50
SE1109;Dinamica de la cultura;0;;;1;SANCHO MARTINEZ LAURA KARINA;LUN;7;30;9;20
SE1109;Dinamica de la cultura;0;;;1;SANCHO MARTINEZ LAURA KARINA;MIE;7;30;9;20
SE1201;Atletismo;0;;;1;LORIA SOLANO JOHNNY;MAR;7;30;9;20
SE1201;Atletismo;0;;;1;LORIA SOLANO JOHNNY;MIE;7;30;9;20
SE1204;Natacion;0;;;1;BOGANTES GARCIA FERNANDO;MIE;9;30;11;20
SE1204;Natacion;0;;;2;LOAIZA SOTO BIERY;LUN;7;30;9;20
SE1204;Natacion;0;;;2;LOAIZA SOTO BIERY;LUN;9;30;11;20
SE1204;Natacion;0;;;2;LOAIZA SOTO BIERY;MIE;7;30;9;20
SE1204;Natacion;0;;;3;MENDEZ SOLANO MIGUEL;JUE;17;0;18;50
SE1204;Natacion;0;;;4;SANCHEZ PEREZ LISBETH;MAR;17;0;18;50
SE1204;Natacion;0;;;5;SANCHEZ PEREZ LISBETH;MIE;13;0;14;50
SE1204;Natacion;0;;;6;SANCHEZ PEREZ LISBETH;MIE;15;0;16;50
SE1204;Natacion;0;;;7;SANCHEZ PEREZ LISBETH;JUE;9;30;11;20
SE1205;Juegos y deportes en conjunto;0;;;1;CABRERA ARAYA GUSTAVO ALCIDES;MIE;9;30;11;20
SE1205;Juegos y deportes en conjunto;0;;;2;LOAIZA SOTO BIERY;MAR;7;30;9;20
SE1205;Juegos y deportes en conjunto;0;;;3;MENDEZ GAMBOA ROSAURA;MAR;13;0;14;50
SE1205;Juegos y deportes en conjunto;0;;;4;QUIROS VALVERDE RODRIGO;LUN;9;30;11;20
SE1205;Juegos y deportes en conjunto;0;;;4;QUIROS VALVERDE RODRIGO;MIE;7;30;9;20
SE1205;Juegos y deportes en conjunto;0;;;4;QUIROS VALVERDE RODRIGO;JUE;7;30;9;20
SE1205;Juegos y deportes en conjunto;0;;;5;VEGA AGUERO JORGE;JUE;9;30;11;20
SE1206;Acondicionamiento fisico;0;;;1;LORIA SOLANO JOHNNY;MAR;9;30;11;20
SE1206;Acondicionamiento fisico;0;;;2;MENDEZ GAMBOA ROSAURA;MIE;9;30;11;20
SE1206;Acondicionamiento fisico;0;;;3;ORTEGA ARTAVIA JHONNY;MAR;9;30;11;20
SE1206;Acondicionamiento fisico;0;;;4;TRAVIESO RODRIGUEZ ALBERTO;VIE;13;0;14;50
SE1206;Acondicionamiento fisico;0;;;5;VEGA AGUERO JORGE;VIE;7;30;9;20
SE1206;Acondicionamiento fisico;0;;;5;VEGA AGUERO JORGE;LUN;7;30;9;20
SE1209;Beisbol-softbol;0;;;1;MENDEZ SOLANO MIGUEL;LUN;7;30;9;20
SE1209;Beisbol-softbol;0;;;1;MENDEZ SOLANO MIGUEL;MIE;7;30;9;20
SE1209;Beisbol-softbol;0;;;2;VEGA AGUERO JORGE;MAR;9;30;11;20
SE1209;Beisbol-softbol;0;;;2;VEGA AGUERO JORGE;VIE;9;30;11;20
SE1218;Ajedrez;0;;;1;CORDERO MAROTO NELSON;MAR;9;30;11;20
SE1219;Baloncesto recreativo;0;;;1;CABRERA ARAYA GUSTAVO ALCIDES;LUN;7;30;9;20
SE1219;Baloncesto recreativo;0;;;2;MARIN VARGAS FABIAN;MAR;15;0;16;50
SE1221;Futbol I;0;;;1;JIMENEZ JIMENEZ DANIEL;MAR;9;30;11;20
SE1222;Futbol sala;0;;;1;ORTEGA ARTAVIA JHONNY;MIE;9;30;11;20
SE1222;Futbol sala;0;;;1;ORTEGA ARTAVIA JHONNY;VIE;9;30;11;20
