CE1101;Introduccion a la programacion;3;;;1@SCHMIDT PERALTA JEFF@TUE,07:30,09:20+THU,07:30,09:20|2@SCHMIDT PERALTA JEFF@TUE,09:30,11:20+THU,09:30,11:20
CE1103;Algoritmos y estructuras de datos I;4;CE1101;;1@BARBOZA ARTAVIA LUIS@TUE,09:30,11:20+THU,09:30,11:20|2@GAMBOA RAMIREZ SANTIAGO@TUE,15:00,16:50+THU,15:00,16:50|3@RAMIREZ TREJOS ELLIOTH@WED,17:00,18:50+FRI,17:00,18:50
CE1104;Fundamentos de sistemas computacionales;3;;CE1101;1@VILLEGAS LEMUS MILTON@TUE,07:30,09:20+THU,07:30,09:20
CE1105;Principios de modelado en ingenieria;2;;;1@HERNANDEZ VASQUEZ MARCO@TUE,19:00,20:50+THU,19:00,20:50|2@MORA ROJAS DIEGO@TUE,17:00,18:50+THU,17:00,18:50|3@RIVERA MENESES MARCO@WED,17:00,18:50+FRI,17:00,18:50
CE1106;Paradigmas de programacion;3;CE2103;;1@BARBOZA ARTAVIA LUIS@WED,09:30,11:20+FRI,09:30,11:20|2@GAMBOA RAMIREZ SANTIAGO@TUE,17:00,18:50+THU,17:00,18:50
CE2103;Algoritmos y estructuras de datos II;4;CE1103/CE1105;;1@RAMIREZ HERRERA JOSE ISAAC@TUE,07:30,09:20+THU,07:30,09:20
CE2201;Laboratorio de circuitos electricos;1;FI1202;;1@ARAYA MARTINEZ LEONARDO@MON,09:30,11:20
MA0101;Matematica general;2;;;1@AZOFEIFA CUBERO ROBERTO@WED,15:00,17:50+FRI,15:00,16:50|2@CORDERO QUIROS MARCIAL@TUE,13:00,15:50+THU,13:00,14:50|3@CORDERO QUIROS MARCIAL@TUE,18:00,20:50+THU,18:00,19:50|4@JIMENEZ MADRIGAL JORGE@TUE,15:00,16:50+THU,15:00,17:50|5@MARRERO CALVO MARCELA@WED,09:30,12:20+FRI,09:30,11:20|6@PRENDAS ROJAS JUAN PABLO@WED,16:00,18:50+FRI,17:00,18:50|7@QUESADA VILLALOBOS LOURDES@WED,13:00,15:50+FRI,13:00,14:50|8@RODRIGUEZ CASTRO BRYAN@TUE,16:00,18:50+THU,16:00,17:50|9@SANCHEZ FERNANDEZ IVONNE@WED,07:30,09:20+FRI,07:30,10:20|10@SOLANO VARELA DANIEL JESUS@SAT,07:30,12:20|11@SOLIS PALMA ANGIE@TUE,07:30,10:20+THU,07:30,09:20|12@VEGA VASQUEZ ARTURO@TUE,09:30,12:20+THU,09:30,11:20
MA1102;Calculo diferencial e integral;4;MA0101;;1@CORDERO QUIROS MARCIAL@TUE,07:30,09:20+THU,07:30,10:20|2@ESQUIVEL SAMUDIO JEISON@TUE,17:00,19:50+THU,17:00,18:50|3@FALLAS MONGE JUAN JOSE@TUE,18:00,20:50+THU,18:00,19:50|4@GUTIERREZ MONTENEGRO MARCO VINICIO@WED,16:00,18:50+FRI,16:00,17:50|5@JIMENEZ MADRIGAL JORGE@WED,07:30,10:20+FRI,07:30,09:20|6@JIMENEZ MADRIGAL JORGE@SAT,07:30,12:20|7@LOPEZ MORA VERONICA@WED,18:00,20:50+FRI,18:00,19:50|8@MASIS FLORES DAVID@TUE,09:30,11:20+THU,09:30,12:20|9@MASIS FLORES DAVID@TUE,16:00,18:50+THU,16:00,17:50|10@MORA CASASOLA MARIA FERNANDA@WED,17:00,19:50+FRI,17:00,18:50|11@MORA PICADO LUIS FERNANDO@WED,09:30,12:20+FRI,10:30,12:20|12@MORA PICADO LUIS FERNANDO@WED,15:00,17:50+FRI,15:00,16:50|13@NUÑEZ VANEGAS FELIX@WED,13:00,15:50+FRI,13:00,14:50|14@PAEZ PAEZ CRISTIAN@TUE,09:30,12:20+THU,10:30,12:20|15@PAEZ PAEZ CRISTIAN@WED,07:30,09:20+FRI,07:30,10:20|16@PARRA SALAZAR EDWARD@TUE,15:00,16:50+THU,15:00,17:50|17@PARRA SALAZAR EDWARD@WED,10:30,12:20+FRI,09:30,12:20|18@PARRA SALAZAR EDWARD@WED,17:00,19:50+FRI,17:00,18:50|19@QUESADA VILLALOBOS LOURDES@TUE,07:30,10:20+THU,07:30,09:20|20@QUESADA VILLALOBOS LOURDES@TUE,15:00,17:50+THU,16:00,17:50|21@RODRIGUEZ GRANADOS NATALIA@TUE,13:00,15:50+THU,13:00,14:50|22@SANCHEZ FERNANDEZ IVONNE@WED,16:00,18:50+FRI,16:00,17:50
MA1403;Matematica discreta;4;;;1@CHAVES SALAS LEONEL ROLANDO@WED,07:30,09:20+FRI,07:30,09:20|2@FALLAS MONGE JUAN JOSE@WED,09:30,11:20+FRI,09:30,11:20|3@FALLAS MONGE JUAN JOSE@TUE,15:00,16:50+THU,15:00,16:50|4@RAMIREZ ARCE GREIVIN@TUE,13:00,14:50+THU,13:00,14:50|5@SOLIS ARGUEDAS ADRIANA@WED,07:30,09:20+FRI,07:30,09:20|6@SOTO QUIROS JUAN PABLO@TUE,18:00,19:50+THU,18:00,19:50
MA1103;Calculo y algebra lineal;4;MA1102;;1@ACUÑA PRADO LUIS@WED,07:30,09:20+FRI,07:30,09:20|2@ALPIZAR BRENES GEISEL@TUE,18:00,19:50+THU,18:00,19:50|3@BRENES GOMEZ RANDALL@TUE,16:00,17:50+THU,16:00,17:50|4@BRENES GOMEZ RANDALL@SAT,07:30,11:20|5@CALDERON SOLANO MANUEL@WED,15:00,16:50+FRI,15:00,16:50|6@CALDERON SOLANO MANUEL@WED,17:00,18:50+FRI,17:00,18:50|7@CHAVARRIA MOLINA JEFFRY@TUE,07:30,09:20+THU,07:30,09:20|8@CHAVARRIA MOLINA JEFFRY@TUE,13:00,14:50+THU,13:00,14:50|9@CHINCHILLA VALVERDE JORGE LUIS@TUE,07:30,09:20+THU,07:30,09:20|10@CHINCHILLA VALVERDE JORGE LUIS@TUE,09:30,11:20+THU,09:30,11:20|11@FIGUEROA MATA GEOVANNI@TUE,15:00,16:50+THU,15:00,16:50|12@FIGUEROA MATA GEOVANNI@TUE,18:00,19:50+THU,18:00,19:50|13@FIGUEROA MATA GEOVANNI@WED,13:00,14:50+FRI,13:00,14:50|14@GUTIERREZ MONTENEGRO MARCO VINICIO@TUE,17:00,18:50+THU,17:00,18:50|15@GUTIERREZ MONTENEGRO MARCO VINICIO@WED,09:30,11:20+FRI,09:30,11:20|16@JIMENEZ MADRIGAL JORGE@THU,07:30,11:20|17@JIMENEZ ROMERO ALEJANDRA@TUE,13:00,14:50+THU,13:00,14:50|18@MORA PICADO LUIS FERNANDO@WED,18:00,19:50+FRI,18:00,19:50|19@PARRA RODRIGUEZ EMMANUELLE@WED,16:00,17:50+FRI,16:00,17:50
MA2104;Calculo superior;4;MA1103;;1@BORBON ALPIZAR ALEXANDER@TUE,18:00,19:50+THU,18:00,19:50|2@CHACON VARGAS ERICK@TUE,13:00,14:50+THU,13:00,14:50|3@ESQUIVEL SAMUDIO JEISON@SAT,07:30,11:20|4@JIMENEZ ROMERO ALEJANDRA@TUE,09:30,11:20+THU,09:30,11:20|5@MONGE FALLAS JORGE@WED,09:30,11:20+FRI,09:30,11:20|6@OVIEDO UGALDE NORBERTO@WED,18:00,19:50+FRI,18:00,19:50|7@VALVERDE SANCHEZ SAMUEL@WED,15:00,16:50+FRI,15:00,16:50
MA2105;Ecuaciones diferenciales;4;MA1103;;1@ACUÑA PRADO LUIS@SAT,07:30,11:20|2@ALPIZAR BRENES GEISEL@TUE,07:30,09:20+THU,07:30,09:20|3@BRENES GOMEZ RANDALL@TUE,09:30,11:20+THU,09:30,11:20|4@MARIN SANCHEZ MARIO@WED,13:00,14:50+FRI,13:00,14:50|5@MARIN SANCHEZ MARIO@WED,17:00,18:50+FRI,17:00,18:50|6@MORA CASASOLA MARIA FERNANDA@TUE,17:00,18:50+THU,17:00,18:50|7@MORA CASASOLA MARIA FERNANDA@SAT,07:30,11:20|8@OVIEDO UGALDE NORBERTO@WED,15:00,16:50+FRI,15:00,16:50|9@PRENDAS ROJAS JUAN PABLO@WED,09:30,11:20+FRI,09:30,11:20|10@RAMIREZ ARCE GREIVIN@TUE,17:00,18:50+THU,17:00,18:50
QU1102;Laboratorio de quimica basica I;1;;QU1106;1@CALLEJA AMADOR CARLOS ENRIQUE@TUE,09:30,11:20|2@CALLEJA AMADOR CARLOS ENRIQUE@TUE,13:00,14:50|3@CALLEJA AMADOR CARLOS ENRIQUE@THU,13:00,14:50|4@LEDEZMA ESPINOZA AURA@FRI,13:00,14:50|5@HERNANDEZ ALPIZAR LAURA@WED,15:00,16:50|6@MATA MATA ALEJANDRA@TUE,15:00,16:50|7@MORA MOLINA JESUS@WED,07:30,09:20|8@MORA MOLINA JESUS@WED,09:30,11:20|9@MORA MOLINA JESUS@WED,13:00,14:50|10@QUIROS BUSTOS NOEMI@THU,07:30,09:20|11@QUIROS BUSTOS NOEMI@THU,09:30,11:20|12@SALAS JIMENEZ JUAN CARLOS@TUE,07:30,09:20|13@SOTO CORDOBA SILVIA@FRI,07:30,09:20
QU1106;Quimica basica I;3;;QU1102;1@CALLEJA AMADOR CARLOS ENRIQUE@TUE,07:30,09:20+THU,07:30,09:20|2@PORRAS ACOSTA MARIA@TUE,07:30,09:20+THU,07:30,09:20|3@PORRAS ACOSTA MARIA@TUE,09:30,11:20+THU,09:30,11:20|4@PORRAS ACOSTA MARIA@WED,09:30,11:20+FRI,09:30,11:20|5@QUIROS BUSTOS NOEMI@TUE,15:00,16:50+THU,15:00,16:50|6@SOTO CORDOBA SILVIA@TUE,13:00,14:50+THU,13:00,14:50|7@VILLALTA ROMERO FABIAN@WED,13:00,14:50+FRI,13:00,14:50
QU1104;Laboratorio de quimica basica II;1;QU1102;QU1107;1@ABARCA GUERRERO LILLIANA@THU,09:30,11:20|2@ABARCA GUERRERO LILLIANA@THU,15:00,16:50|3@ARAYA MARCHENA MARIO@FRI,09:30,11:20|4@FLORES CANTILLO ADRIAN@THU,13:00,14:50|5@HERRERA NUÑEZ JACQUELINE MARIA@TUE,13:00,14:50|6@HERRERA NUÑEZ JACQUELINE MARIA@WED,13:00,14:50|7@MATA SOLANO ROGELIO@TUE,09:30,11:20|8@MATA SOLANO ROGELIO@TUE,13:00,14:50|9@MORA MOLINA JESUS@TUE,13:00,14:50|10@MORA MOLINA JESUS@TUE,15:00,16:50|12@ROBLES CHAVEZ DIANA@WED,07:30,09:20|13@ROBLES CHAVEZ DIANA@WED,09:30,11:20|14@ROBLES CHAVEZ DIANA@WED,15:00,16:50|17@ROMERO BLANCO ERIC@THU,13:00,14:50|18@ROMERO BLANCO ERIC@THU,15:00,16:50|19@SALAZAR ROJAS TERESA@WED,09:30,11:20|20@SALAZAR ROJAS TERESA@WED,13:00,14:50|21@SANCHEZ KOPPER ANDRES@TUE,07:30,09:20|22@SANCHEZ KOPPER ANDRES@TUE,09:30,11:20|23@SANCHEZ KOPPER ANDRES@THU,07:30,09:20|24@SANDOVAL MORA JOSE ALBERTO@THU,07:30,09:20|25@SANDOVAL MORA JOSE ALBERTO@THU,09:30,11:20|26@ULATE MOLINA RICARDO ENRIQUE@WED,07:30,09:20|27@ULATE MOLINA RICARDO ENRIQUE@WED,09:30,11:20|28@ULATE MOLINA RICARDO ENRIQUE@WED,13:00,14:50
QU1107;Quimica basica II;3;QU1106;QU1104;1@ARAYA CARVAJAL FABIO@TUE,07:30,09:20+THU,07:30,09:20|2@ARAYA CARVAJAL FABIO@TUE,13:00,14:50+THU,13:00,14:50|3@ARCE ROJAS HEILEN@WED,09:30,11:20+FRI,09:30,11:20|4@ARCE ROJAS HEILEN@WED,13:00,14:50+FRI,13:00,14:50|5@LEDEZMA ESPINOZA AURA@WED,15:00,16:50+FRI,15:00,16:50|6@SALAS JIMENEZ JUAN CARLOS@TUE,09:30,11:20+THU,09:30,11:20|12@SALAS JIMENEZ JUAN CARLOS@TUE,15:00,16:50+THU,15:00,16:50|7@STARBIRD PEREZ RICARDO@TUE,09:30,11:20+THU,09:30,11:20|8@STARBIRD PEREZ RICARDO@WED,13:00,14:50+FRI,13:00,14:50|9@VARGAS CAMARENO MARICRUZ@WED,07:30,09:20+FRI,07:30,09:20|10@VARGAS CAMARENO MARICRUZ@WED,09:30,11:20+FRI,09:30,11:20|11@VARGAS CAMARENO MARICRUZ@WED,13:00,14:50+FRI,13:00,14:50
FI1101;Fisica general I;3;;MA1102;1@CAMBRONERO CORDERO MICHAEL@WED,09:30,11:20+FRI,09:30,11:20|2@CORRALES QUESADA ESTEBAN@TUE,15:00,16:50+THU,15:00,16:50|3@CORRALES QUESADA ESTEBAN@TUE,17:00,18:50+THU,17:00,18:50|4@ELIZONDO ZUÑIGA JENNIFER@TUE,09:30,11:20+THU,09:30,11:20|5@ELIZONDO ZUÑIGA JENNIFER@TUE,13:00,14:50+THU,13:00,14:50|6@MONTERO ZELEDON ERNESTO@WED,09:30,11:20+FRI,09:30,11:20|7@MOYA SERRANO ROY DAVID@WED,07:30,09:20+FRI,07:30,09:20|8@MURILLO SALAZAR DENNIS@TUE,07:30,09:20+THU,07:30,09:20|9@MURILLO ZUMBADO GUSTAVO@TUE,07:30,09:20+THU,07:30,09:20|10@PINEDA LIZANO JUAN JOSE@TUE,09:30,11:20+THU,09:30,11:20|11@PINEDA LIZANO JUAN JOSE@TUE,15:00,16:50+THU,15:00,16:50|12@ROJAS PEREZ FRANCISCO@TUE,09:30,11:20+THU,09:30,11:20|13@ROJAS PEREZ FRANCISCO@WED,15:00,16:50+FRI,15:00,16:50|14@SEGURA ZARATE ANA YANCY@WED,09:30,11:20+FRI,09:30,11:20|15@SEGURA ZARATE ANA YANCY@WED,13:00,14:50+FRI,13:00,14:50|16@SEGURA ZARATE ANA YANCY@WED,17:00,18:50+FRI,17:00,18:50|17@VARGAS BLANCO IVAN@TUE,13:00,14:50+THU,13:00,14:50
FI1201;Laboratorio fisica general I;1;;FI1101;1@ALFARO ALVARADO JOSE ABRAHAN@THU,07:30,09:20|2@ALFARO ALVARADO JOSE ABRAHAN@THU,17:00,18:50|3@CAMBRONERO CORDERO MICHAEL@WED,15:00,16:50|4@CAMBRONERO CORDERO MICHAEL@WED,17:00,18:50|5@CAMPOS RODRIGUEZ MELANIA@TUE,13:00,14:50|6@CAMPOS RODRIGUEZ MELANIA@TUE,15:00,16:50|7@CORRALES QUESADA ESTEBAN@WED,17:00,18:50|8@CORRALES QUESADA ESTEBAN@FRI,13:00,14:50|9@ELIZONDO ZUÑIGA JENNIFER@WED,09:30,11:20|10@JIMENEZ CARBALLO CARLOS ADRIAN@TUE,09:30,11:20|11@JIMENEZ CARBALLO CARLOS ADRIAN@WED,09:30,11:20|12@MAYORGA ESPINOZA CARLOS@WED,13:00,14:50|13@MONTERO ZELEDON ERNESTO@THU,09:30,11:20|14@MORALES MUÑOZ WALTER@THU,15:00,16:50|15@MORALES MUÑOZ WALTER@FRI,07:30,09:20|16@MORALES MUÑOZ WALTER@FRI,09:30,11:20|17@MORALES MUÑOZ WALTER@THU,13:00,14:50|18@OREAMUNO MADRIZ RAFAEL@TUE,13:00,14:50|19@PEREZ HIDALGO JOSE ESTEBAN@WED,07:30,09:20|20@SEGURA CARVAJAL MARCOS@TUE,17:00,18:50|21@SEGURA CARVAJAL MARCOS@WED,15:00,16:50|22@SEGURA CARVAJAL MARCOS@THU,17:00,18:50|23@SEVILLA QUESADA EVAR@TUE,07:30,09:20|24@SOLANO PIEDRA RICARDO ADOLFO@TUE,09:30,11:20|25@SOLANO PIEDRA RICARDO ADOLFO@THU,09:30,11:20
FI1102;Fisica general II;3;FI1101;MA1102;1@AMADOR JARA ALVARO@TUE,09:30,11:20+THU,09:30,11:20|2@CORRALES QUESADA ESTEBAN@WED,15:00,16:50+FRI,15:00,16:50|3@LOBO ZAMORA JUAN CARLOS@TUE,07:30,09:20+THU,07:30,09:20|4@MURILLO ZUMBADO GUSTAVO@WED,07:30,09:20+FRI,07:30,09:20|5@MURILLO ZUMBADO GUSTAVO@TUE,09:30,11:20+THU,09:30,11:20|6@OREAMUNO MADRIZ RAFAEL@WED,13:00,14:50+FRI,13:00,14:50|7@PEREZ HIDALGO JOSE ESTEBAN@WED,09:30,11:20+FRI,09:30,11:20|8@PINEDA LIZANO JUAN JOSE@TUE,17:00,18:50+THU,17:00,18:50|9@PINEDA LIZANO JUAN JOSE@TUE,13:00,14:50+THU,13:00,14:50|10@SOTO CHINCHILLA YERRY@TUE,07:30,09:20+THU,07:30,09:20|11@VARGAS BLANCO IVAN@TUE,09:30,11:20+THU,09:30,11:20
FI1202;Laboratorio fisica general II;1;FI1201;FI1102;1@ARAYA SOLANO LUIS ALONSO@TUE,09:30,11:20|2@ARAYA SOLANO LUIS ALONSO@TUE,13:00,14:50|3@JIMENEZ CARBALLO CARLOS ADRIAN@WED,07:30,09:20|4@MORALES MUÑOZ WALTER@THU,09:30,11:20|5@MORALES MUÑOZ WALTER@FRI,13:00,14:50|6@MURILLO ZUMBADO GUSTAVO@WED,09:30,11:20|7@OREAMUNO MADRIZ RAFAEL@WED,15:00,16:50|8@ROJAS ROJAS LAURA@WED,13:00,14:50|9@SEVILLA QUESADA EVAR@TUE,17:00,18:50
FI2103;Fisica general III;3;FI1101/MA1102;;1@ARAYA SOLANO LUIS ALONSO@TUE,15:00,16:50+THU,15:00,16:50|2@FONT CRUZ EDUARDO@TUE,17:00,18:50+THU,17:00,18:50|3@GUTIERREZ CHAVES CARLOS ROBERTO@WED,15:00,16:50+FRI,15:00,16:50|4@LOBO ZAMORA JUAN CARLOS@TUE,13:00,14:50+THU,13:00,14:50|5@LOBO ZAMORA JUAN CARLOS@TUE,09:30,11:20+THU,09:30,11:20|6@MONTERO ZELEDON ERNESTO@TUE,07:30,09:20+THU,07:30,09:20|7@OREAMUNO MADRIZ RAFAEL@WED,09:30,11:20+FRI,09:30,11:20|8@ROJAS PEREZ FRANCISCO@WED,13:00,14:50+FRI,13:00,14:50|9@ROJAS ROJAS LAURA@TUE,09:30,11:20+THU,09:30,11:20|10@SEGURA ZARATE ANA YANCY@WED,07:30,09:20+FRI,07:30,09:20
IF3502;Instrumentacion I;1;;MT2001/MT2002;1@FONT CRUZ EDUARDO@TUE,09:30,11:20|2@MOYA SERRANO ROY DAVID@TUE,07:30,09:20
MI3117;Dinamica;3;MI2106;;1@MONTERO JIMENEZ JUAN JOSE@WED,13:00,16:50|2@OTAROLA ZUÑIGA CARLOS@TUE,17:00,20:50|3@RICHMOND NAVARRO GUSTAVO@MON,07:30,11:20
MI2101;Dibujo tecnico;3;MA0101;;1@BERMUDEZ CHACON MARVIN@MON,07:30,11:20|2@BONILLA GUIDO FRANCISCO@MON,17:00,20:50|3@BONILLA GUIDO FRANCISCO@TUE,17:00,20:50|4@CORDOBA RAMIREZ LUIS FELIPE@TUE,07:30,11:20|5@GUZMAN CONEJO JOSHUA@WED,17:00,20:50|6@HERNANDEZ GONZALEZ VICTOR JULIO@WED,17:00,20:50|7@HERNANDEZ GONZALEZ VICTOR JULIO@THU,13:00,16:50|8@JACKSON QUIROS HERBERT@FRI,07:30,11:20|9@JIMENEZ CECILIANO MAXIMINO@TUE,17:00,20:50|10@MARIN GUILLEN FRANK@WED,07:30,11:20|11@MARIN GUILLEN FRANK@WED,13:00,16:50|12@ROJAS GOMEZ JULIO CESAR@FRI,13:00,16:50|13@UREÑA SANDI NOEL@FRI,07:30,11:20
MI2106;Estatica;3;FI1101;;1@GUERRERO FERNANDEZ JUAN LUIS@TUE,07:30,11:20|2@MATA COTO MANUEL@MON,07:30,11:20|3@MATA COTO MANUEL@THU,07:30,11:20|4@MONTERO JIMENEZ JUAN JOSE@THU,13:00,16:50|5@MORERA HIDALGO JULIO@TUE,07:30,11:20|6@MORERA HIDALGO JULIO@WED,07:30,11:20|7@SALAS MOYA LAURA@FRI,07:30,11:20|8@VEGA SANCHEZ CHRISTOPHER@TUE,13:00,16:50
MT2001;Circuitos electricos en CC y CA;3;FI1102;;1@MEZA OBANDO FELIPE@TUE,07:30,09:20+THU,07:30,09:20|2@MEZA OBANDO FELIPE@TUE,15:00,16:50+THU,15:00,16:50|3@VAQUERANO PINEDA NICOLAS@TUE,09:30,11:20+THU,09:30,11:20
MT2002;Laboratorio de circuitos de corriente continua y corriente alterna;1;MA1102;MT2001;1@ARIAS ESQUIVEL YEINER@TUE,13:00,14:50|2@ASENJO CASTILLO EDUARDO JOSE@WED,15:00,16:50|3@MELENDEZ POLTRONIERI ROGER@TUE,18:00,19:50|4@VILCHEZ MONGE MARTA@WED,07:30,09:20
CA2125;Elementos de computacion;3;;;1@BOGARIN NAVARRO RODRIGO@TUE,19:00,20:50+THU,19:00,20:50|2@CAMPOS FERNANDEZ IVAN@TUE,17:00,18:50+THU,17:00,18:50|3@CAMPOS FERNANDEZ IVAN@TUE,19:00,20:50+THU,19:00,20:50|4@CERDAS QUESADA IVANNIA@TUE,13:00,14:50+THU,13:00,14:50|5@COTO SARMIENTO LAURA@TUE,07:30,09:20+THU,07:30,09:20|6@COTO SARMIENTO LAURA@TUE,09:30,11:20+THU,09:30,11:20|7@HERNANDEZ SIBAJA BRYAN@TUE,13:00,14:50+THU,13:00,14:50|8@MATA RODRIGUEZ WILLIAM@WED,09:30,11:20+FRI,09:30,11:20|12@MATA RODRIGUEZ WILLIAM@WED,09:30,11:20+FRI,09:30,11:20|13@MATA RODRIGUEZ WILLIAM@WED,07:30,09:20+FRI,07:30,09:20|9@NAVAS SU JOSE DOLORES@TUE,19:00,20:50+THU,19:00,20:50|10@QUIROS RAMIREZ FRANCO@WED,13:00,14:50+FRI,13:00,14:50|11@VILLALOBOS ARIAS LUIS ROBERTO@TUE,17:00,18:50+THU,17:00,18:50
PI2609;Probabilidad y estadistica;2;MA2104;;1@HASBUM FERNANDEZ IVANNIA@WED,13:00,15:50+THU,13:00,15:50|2@SOLANO LEANDRO PAULA@MON,07:30,10:20
PI2610;Probabilidad y estadistica I;3;MA1102;CA2125;1@ALEGRIA GRANADOS MELISSA@WED,07:30,11:20|2@ROBLES OBANDO NATALIA@THU,13:00,16:50|3@SILES SOLANO ANA CATALINA@WED,17:00,20:50
SO4604;Seguridad y salud ocupacional;3;FI1102;;1@CARPIO CHAVES MONICA@THU,13:00,15:50|2@MORALES MARTINEZ GABRIELA@MON,07:30,10:20|3@MORALES MARTINEZ GABRIELA@THU,17:00,19:50|4@MORALES MARTINEZ GABRIELA@WED,13:00,15:50|5@MORALES MARTINEZ GABRIELA@FRI,07:30,10:20
EL2113;Circuitos electricos en corriente continua;4;FI1101/MA1102;;1@HERNANDEZ RIVERA MIGUEL@MON,07:30,09:20+WED,07:30,09:20|2@PEREZ RODRIGUEZ JAVIER@TUE,09:30,11:20+THU,09:30,11:20|3@PICADO GARCIA FABIAN ALBERTO@MON,07:30,11:20|4@VEGA CASTILLO PAOLA@WED,09:30,11:20+FRI,09:30,11:20
EL2114;Circuitos electricos en corriente alterna;4;EL2113;EL2207;1@CHINCHILLA VARGAS ERICK GUSTAVO@WED,17:00,18:50+FRI,17:00,18:50|2@HERRERO CHAVARRIA FELIPE@TUE,17:00,18:50+THU,17:00,18:50|3@QUIROS SOLANO WILLIAM@TUE,09:30,11:20+THU,09:30,11:20|4@VALVERDE GARDELA HEBERTH@WED,07:30,09:20+FRI,07:30,09:20
EL2207;Elementos activos;4;EL2113;;1@MONTERO RODRIGUEZ JUAN JOSE@TUE,07:30,09:20+THU,07:30,09:20|2@PINNOCK CHACON MAC ALFRED@WED,17:00,18:50+FRI,09:30,11:20|3@SEGURA QUIROS CARLOS@TUE,15:00,16:50+THU,15:00,16:50|4@VEGA CASTILLO PAOLA@WED,15:00,16:50+FRI,15:00,16:50
CI1106;Comunicacion escrita;2;;;1@AMADOR SOLANO GABRIELA@THU,09:30,12:20|2@ARCE FUENTES JOSE DANIEL@MON,18:00,20:50|3@RIOS SANCHEZ ARMANDO@WED,13:00,15:50|4@ROMERO ALVAREZ ERICKA@TUE,13:00,15:50|5@VARGAS CASTRO ERICKA@WED,09:30,12:20
CI1107;Comunicacion oral;1;CI1106;;1@AMADOR SOLANO GABRIELA@TUE,09:30,12:20|2@AMADOR SOLANO GABRIELA@FRI,09:30,12:20|3@ARCE FUENTES JOSE DANIEL@THU,18:00,20:50|4@ARCE FUENTES JOSE DANIEL@FRI,17:00,19:50|5@CASTILLO RODRIGUEZ LARISSA@MON,07:30,10:20|6@CASTILLO RODRIGUEZ LARISSA@MON,18:00,20:50|7@CASTILLO RODRIGUEZ LARISSA@TUE,07:30,10:20|8@CASTILLO RODRIGUEZ LARISSA@TUE,13:00,15:50|9@CASTILLO RODRIGUEZ LARISSA@TUE,16:00,18:50|10@CASTILLO RODRIGUEZ LARISSA@WED,07:30,10:20|11@MORALES GARAY SARAY@TUE,07:30,10:20|12@MORALES GARAY SARAY@THU,07:30,10:20|13@MORALES GARAY SARAY@FRI,07:30,10:20|14@MORALES SOLANO PAOLA NATALIA@MON,18:00,20:50|15@MORALES SOLANO PAOLA NATALIA@THU,17:00,19:50|16@MORALES SOLANO PAOLA NATALIA@FRI,16:00,18:50|17@PEREZ ROJAS NELSON@MON,09:30,12:20|18@PEREZ ROJAS NELSON@THU,09:30,12:20|19@RIOS SANCHEZ ARMANDO@WED,09:30,12:20|20@RODRIGUEZ HERRA NATALIA@WED,13:00,15:50|21@RODRIGUEZ HERRA NATALIA@WED,17:00,19:50|22@ROMERO ALVAREZ ERICKA@THU,09:30,12:20|23@ROMERO ALVAREZ ERICKA@THU,13:00,15:50|24@ROMERO ALVAREZ ERICKA@FRI,09:30,12:20|25@SANCHEZ SANCHEZ DANIELA@WED,16:00,18:50|26@SHILTAGH PRADA DIMITRI@TUE,13:00,15:50|27@SHILTAGH PRADA DIMITRI@TUE,18:00,20:50|28@SHILTAGH PRADA DIMITRI@WED,13:00,15:50|29@SHILTAGH PRADA DIMITRI@WED,18:00,20:50|30@SHILTAGH PRADA DIMITRI@THU,13:00,15:50|31@SHILTAGH PRADA DIMITRI@FRI,13:00,15:50|32@SOLANO MORAGA SIGRID@THU,15:00,17:50
CI1230;Ingles I;2;CI0200/CI0202;;1@ALBERTAZZI OSORIO SONIA@TUE,07:30,10:20|2@ALBERTAZZI OSORIO SONIA@THU,13:00,15:50|11@BRENES ROJAS LEONARDO@MON,07:30,10:20|3@GOMEZ MONTOYA CARLOS ANDRES@WED,18:00,20:50|4@GOMEZ MONTOYA CARLOS ANDRES@THU,18:00,20:50|5@GUILLEN JIMENEZ LUIS DIEGO@TUE,15:00,17:50|6@HERRERA JIMENEZ INGRID@TUE,09:30,12:20|7@MOLINA VILLALOBOS TANIA@THU,09:30,12:20|8@RAMIREZ CASTRO MONSERRAT@WED,09:30,12:20|9@SOLANO SOLANO JOSE EDUARDO@WED,13:00,15:50|10@SOLANO SOLANO JOSE EDUARDO@FRI,13:00,15:50
CI1231;Ingles II;2;CI1230;;1@ALBERTAZZI OSORIO SONIA@TUE,13:00,15:50|2@FUENTES MORA ESTEBAN@WED,13:00,15:50|3@GOMEZ MONTOYA CARLOS ANDRES@TUE,18:00,20:50|4@HERRERA JIMENEZ INGRID@MON,18:00,20:50|5@KENNEDY RUSSELL ANA@TUE,07:30,10:20|6@SOLANO OBANDO MABEL@MON,09:30,12:20|7@SOLANO OBANDO MABEL@WED,09:30,12:20|8@SOLANO OBANDO MABEL@THU,09:30,12:20|9@SOLANO OBANDO MABEL@WED,16:00,18:50|10@VALLECILLO ALFARO JOHANNY@FRI,09:30,12:20|11@VALLECILLO ALFARO JOHANNY@FRI,13:00,15:50
CI1407;Habilidades de comunicacion en ingenieria;2;CI1107;;1@GODINEZ ROJAS PAULETTE@MON,09:30,12:20|2@MORALES GARAY SARAY@TUE,13:00,15:50|3@MORALES SOLANO PAOLA NATALIA@THU,13:00,15:50|4@MORALES SOLANO PAOLA NATALIA@FRI,07:30,10:20
CI0202;Ingles basico;2;;;1@ALBERTAZZI OSORIO SONIA@THU,18:00,20:50|2@ALBERTAZZI OSORIO SONIA@FRI,09:30,12:20|3@GOMEZ MONTOYA CARLOS ANDRES@WED,15:00,17:50|4@KENNEDY RUSSELL ANA@MON,18:00,20:50|5@KENNEDY RUSSELL ANA@TUE,13:00,15:50|6@MURILLO ESCALANTE ROCIO@THU,09:30,12:20|7@RIVERA VEGA KATERINE@TUE,17:00,19:50|8@VALLECILLO ALFARO JOHANNY@WED,13:00,15:50|9@VALLECILLO ALFARO JOHANNY@MON,09:30,12:20|10@VINDAS FERNANDEZ NURIA@THU,13:00,15:50
CS1502;Introduccion a la tecnica ciencia y tecnologia;3;;;1@BOJORGE MURILLO ALEXANDER@WED,09:30,11:20|2@BOJORGE MURILLO ALEXANDER@WED,17:00,18:50|3@BOJORGE MURILLO ALEXANDER@TUE,15:00,16:50|4@GARRO REYES MAURICIO@WED,09:30,11:20|5@ORTIZ ACUÑA LEONARDO@THU,09:30,11:20
CS2101;Ambiente humano;2;;;1@MURILLO SOLIS JAVIER@THU,09:30,12:20|2@ORTIZ ALVAREZ JORGE ISAAC@FRI,09:30,12:20|3@ORTIZ ALVAREZ JORGE ISAAC@WED,09:30,12:20|4@ORTIZ ALVAREZ JORGE ISAAC@WED,15:00,17:50|5@RODRIGUEZ MORALES OSCAR@TUE,09:30,12:20|6@RODRIGUEZ MORALES OSCAR@MON,07:30,10:20|7@RODRIGUEZ MORALES OSCAR@MON,18:00,20:50|8@ROJAS MOLINA BETSY@TUE,18:00,20:50
SE1101;Artes dramaticas;0;;;1@DE SIMONE CASTELLON ALEXANDRA@MON,09:30,11:20|2@GOMEZ JIMENEZ ANDREA@TUE,17:00,18:50+WED,15:00,16:50
SE1102;Accion social;0;;;1@BARRANTES ALVARADO IVAN@MON,18:00,19:50+TUE,09:30,11:20|2@VALERIN ROJAS SOFIA@MON,07:30,09:20+TUE,07:30,09:20+WED,07:30,09:20|3@VALERIN ROJAS SOFIA@WED,09:30,11:20
SE1103;Danza;0;;;1@QUESADA VILLALOBOS JORGE@THU,09:30,11:20
SE1104;Artes visuales;0;;;1@DIAZ BRENES NELSON@MON,17:00,18:50+TUE,17:00,18:50+WED,17:00,18:50|2@COTO GUZMAN ALICIA@FRI,09:30,11:20
SE1105;Artes musicales;0;;;1@CASTILLO ULATE ELENA@MON,07:30,09:20+FRI,13:00,14:50|2@MEZA SOLANO VINICIO@TUE,15:00,16:50+TUE,17:00,18:50+THU,15:00,16:50|3@MONGE PEREZ LUIS DIEGO@TUE,09:30,11:20+TUE,13:00,14:50+THU,18:00,19:50
SE1106;Apreciacion literaria;0;;;1@RAMOS VARGAS ARNOLDO@TUE,07:30,09:20
SE1107;Apreciacion de cine;0;;;1@COTO GUZMAN ALICIA@TUE,09:30,11:20+THU,09:30,11:20|2@DIAZ BRENES NELSON@FRI,13:00,14:50|3@RAMOS VARGAS ARNOLDO@TUE,15:00,16:50
SE1109;Dinamica de la cultura;0;;;1@SANCHO MARTINEZ LAURA KARINA@MON,07:30,09:20+WED,07:30,09:20
SE1201;Atletismo;0;;;1@LORIA SOLANO JOHNNY@TUE,07:30,09:20+WED,07:30,09:20
SE1204;Natacion;0;;;1@BOGANTES GARCIA FERNANDO@WED,09:30,11:20|2@LOAIZA SOTO BIERY@MON,07:30,09:20+MON,09:30,11:20+WED,07:30,09:20|3@MENDEZ SOLANO MIGUEL@THU,17:00,18:50|4@SANCHEZ PEREZ LISBETH@TUE,17:00,18:50|5@SANCHEZ PEREZ LISBETH@WED,13:00,14:50|6@SANCHEZ PEREZ LISBETH@WED,15:00,16:50|7@SANCHEZ PEREZ LISBETH@THU,09:30,11:20
SE1205;Juegos y deportes en conjunto;0;;;1@CABRERA ARAYA GUSTAVO ALCIDES@WED,09:30,11:20|2@LOAIZA SOTO BIERY@TUE,07:30,09:20|3@MENDEZ GAMBOA ROSAURA@TUE,13:00,14:50|4@QUIROS VALVERDE RODRIGO@MON,09:30,11:20+WED,07:30,09:20+THU,07:30,09:20|5@VEGA AGUERO JORGE@THU,09:30,11:20
SE1206;Acondicionamiento fisico;0;;;1@LORIA SOLANO JOHNNY@TUE,09:30,11:20|2@MENDEZ GAMBOA ROSAURA@WED,09:30,11:20|3@ORTEGA ARTAVIA JHONNY@TUE,09:30,11:20|4@TRAVIESO RODRIGUEZ ALBERTO@FRI,13:00,14:50|5@VEGA AGUERO JORGE@FRI,07:30,09:20+MON,07:30,09:20
SE1209;Beisbol-softbol;0;;;1@MENDEZ SOLANO MIGUEL@MON,07:30,09:20+WED,07:30,09:20|2@VEGA AGUERO JORGE@TUE,09:30,11:20+FRI,09:30,11:20
SE1218;Ajedrez;0;;;1@CORDERO MAROTO NELSON@TUE,09:30,11:20
SE1219;Baloncesto recreativo;0;;;1@CABRERA ARAYA GUSTAVO ALCIDES@MON,07:30,09:20|2@MARIN VARGAS FABIAN@TUE,15:00,16:50
SE1221;Futbol I;0;;;1@JIMENEZ JIMENEZ DANIEL@TUE,09:30,11:20
SE1222;Futbol sala;0;;;1@ORTEGA ARTAVIA JHONNY@WED,09:30,11:20+FRI,09:30,11:20
